case,share,form,round,carried,feasible,converged,cost,residual_pu2,controls_moved,v_move_pu,v_min,v_max,loading_max,q_at_limit,branch_rows,losses_charged,loss_mw,seconds
ieee39,0.2,current,0,none,True,True,3351102.9118011333,0.0,57,0.03793957250960567,0.9400658733463231,1.0599622987876156,102.93864325592843,2,0,False,,16.677123799999997
ieee39,0.2,current,1,none,True,True,3351102.9118011333,0.0,57,0.018969786254802834,0.9400658733463231,1.0599622987876156,102.93864325592843,2,0,False,,6.9960199
ieee39,0.2,current,2,none,True,True,3351102.9118011333,0.0,57,0.009484893127401417,0.9400658733463231,1.0599622987876156,102.9386432559287,2,0,False,,7.241770499999998
ieee39,0.2,current,3,none,True,True,3351102.9118011324,0.0,57,0.0047424465637007085,0.9400658733463231,1.0599622987876156,102.9386432559287,2,0,False,,6.958522700000003
ieee39,0.2,current,4,none,True,True,3351102.911801133,0.0,57,0.0023712232818504653,0.9400658733463231,1.0599622987876156,102.93864325592878,2,0,False,,6.956882499999999
ieee39,0.4,current,0,none,True,True,2433092.264243021,0.0,51,0.038967575498177975,0.9405506707208493,1.0599778140877707,97.61261422382837,2,0,False,,21.967798800000004
ieee39,0.4,current,1,none,True,True,2433092.264243021,0.0,51,0.019483787749088988,0.9405506707208493,1.0599778140877707,97.61261422382837,2,0,False,,6.919208999999995
ieee39,0.4,current,2,none,True,True,2433092.264243021,0.0,51,0.009741893874544494,0.9405506707208493,1.0599778140877707,97.61261422382837,2,0,False,,7.097472199999999
ieee39,0.4,current,3,none,True,True,2433092.2642430216,0.0,51,0.004870946937272191,0.9405506707208493,1.0599778140877707,97.61261422382837,2,0,False,,6.945429400000009
ieee39,0.4,current,4,none,True,True,2433092.2642430216,0.0,51,0.0024354734686361512,0.9405506707208493,1.0599778140877707,97.61261422382837,2,0,False,,7.278009699999998
rts24,0.2,current,0,none,True,True,1485458.5864230725,0.00015571833853582034,65,0.010559757894978983,0.956153401738271,1.0624787154200992,100.0497276310137,4,0,False,,25.8384001
rts24,0.2,current,1,none,True,True,1485248.599042822,0.00015879327101536638,68,0.01126631068506545,0.949876810986024,1.0626013202092228,100.35664922805438,4,0,False,,13.595799400000004
rts24,0.2,current,2,none,True,True,1485228.2857208003,0.00016177738338369978,68,0.005575140398432099,0.9499502269728837,1.0627191738483166,100.35211512043492,4,0,False,,11.041965300000015
rts24,0.2,current,3,none,True,True,1485214.4623995293,0.0001571042057630868,68,0.0027561004087716112,0.9499904436450023,1.062534121659019,100.34974413733428,4,0,False,,11.710354999999993
rts24,0.2,current,4,none,True,True,1485209.6506307377,0.00015726061407934206,69,0.002234951556042475,0.9499981906083198,1.0625403594079015,100.86632173192748,4,0,False,,14.015979800000025
rts24,0.4,current,0,none,True,True,858231.6155178216,2.6329493773439218e-05,55,0.01943678300392304,0.95266983873471,1.0551312273164848,101.93442903517442,2,0,False,,19.2671407
rts24,0.4,current,1,none,True,True,858231.6155178216,2.7357576010451287e-05,55,0.009718672121032279,0.9526692660194639,1.0552304470182243,101.93448693630856,2,0,False,,11.617480099999995
rts24,0.4,current,2,none,True,True,858231.6155178217,2.787961670647976e-05,55,0.004859476904311544,0.9526689785714697,1.0552801152171596,101.93451599713627,2,0,False,,11.699862800000005
rts24,0.4,current,3,none,True,True,858231.6155178217,2.814283225099721e-05,55,0.0024298090369236913,0.9526688345150703,1.0553049818332392,101.93453056116218,2,0,False,,12.20087749999999
rts24,0.4,current,4,none,True,True,858231.6155178216,2.8275085733172737e-05,55,0.001214939866107878,0.9526687623740863,1.0553174322499843,101.93453785457905,2,0,False,,12.015282000000013
