case,what,v_min,v_max,v_limit_lo,v_limit_hi,loading_max,slack_mw,share,form,converter_model,q_at_limit,periods_failed,feasible
ieee39,"source case, unmodified",0.982,1.0586,0.94,1.06,73.45311116815914,,,,,,,
rts24,"source case, unmodified",0.958684814510181,1.0487133502970933,0.95,1.05,89.56186339984285,,,,,,,
ieee39,cleared schedule,0.982,1.0896918473441957,0.94,1.06,97.81497384174361,67.54215702719569,0.2,box,injection,2.0,7.0,False
ieee39,cleared schedule,0.982,1.0723812625669442,0.94,1.06,97.93262114074608,67.9668628803339,0.2,box,voltage,2.0,4.0,False
ieee39,cleared schedule,0.982,1.091332106789087,0.94,1.06,98.14627462901528,74.65017241510759,0.2,current,injection,2.0,7.0,False
ieee39,cleared schedule,0.982,1.0739198162983534,0.94,1.06,97.84598526654588,74.86904980261727,0.2,current,voltage,2.0,4.0,False
ieee39,cleared schedule,0.9423264752090523,1.093100756508709,0.94,1.06,99.85899579808286,64.9796671782193,0.4,box,injection,2.0,5.0,False
ieee39,cleared schedule,0.9819999999999998,1.0739538458469704,0.94,1.06,97.50396047755818,64.48770580350242,0.4,box,voltage,2.0,4.0,False
ieee39,cleared schedule,0.9347302489296354,1.099654474326268,0.94,1.06,97.93382615022688,69.70428367317788,0.4,current,injection,2.0,8.0,False
ieee39,cleared schedule,0.9819999999999999,1.0777301192492712,0.94,1.06,97.33318129365051,69.21770441937565,0.4,current,voltage,2.0,4.0,False
rts24,cleared schedule,0.9864439443138475,1.0941779690297544,0.95,1.05,98.46669538058254,32.64397406658145,0.2,box,injection,2.0,8.0,False
rts24,cleared schedule,0.9855778293870969,1.0562018682371055,0.95,1.05,98.60661675470708,32.58012313098243,0.2,box,voltage,7.0,8.0,False
rts24,cleared schedule,0.9856585645357723,1.092801492543272,0.95,1.05,98.54478194375768,34.65718139019657,0.2,current,injection,2.0,8.0,False
rts24,cleared schedule,0.9851577592400276,1.0557060306272747,0.95,1.05,98.62852105552547,34.557991601309254,0.2,current,voltage,7.0,8.0,False
rts24,cleared schedule,0.983005979807059,1.0930629399323744,0.95,1.05,98.96479345159523,33.218805112041196,0.4,box,injection,2.0,8.0,False
rts24,cleared schedule,0.9856504457188869,1.055096619320271,0.95,1.05,98.58279272292657,33.1771280681088,0.4,box,voltage,2.0,8.0,False
rts24,cleared schedule,0.9817140899942737,1.09282344267788,0.95,1.05,99.08775003133088,34.59452508213445,0.4,current,injection,2.0,8.0,False
rts24,cleared schedule,0.9854652812514219,1.0554980774020988,0.95,1.05,98.59517273405196,34.42070441473254,0.4,current,voltage,2.0,8.0,False
