case,share,form,round,feasible,converged,cost,step_mw,residual_pu2,seconds,v_under,v_over,v_min,v_max,loading_max,q_excess_mvar,balance_mw,ref_p_excess_mw,ref_headroom_short_mw,conv_current_max,diverged,conv_current_any_form,passes
ieee39,0.2,box,0,True,True,3383433.0526730237,235.74400000000003,0.0,48.72345229994971,0.0,0.0,0.9408424676734949,1.05989593412634,100.45408603387891,0.0,73.68386561676812,63.28626295316349,73.68386561676812,0.0,0,0.8169478992310015,False
ieee39,0.2,box,1,True,True,3424237.572412909,165.0208,0.0,12.598064399964642,0.0,0.0,0.9430680034898985,1.0586146923704036,98.56109628496111,0.0,7.757540180591377,7.757540180591377,7.757540180591377,0.0,0,0.997925570966448,False
ieee39,0.2,box,2,True,True,3421011.5811395636,115.51456,0.0,8.287899899994954,0.0,0.0,0.9429564915076426,1.0598999999999998,98.55972395467415,0.0,3.676780042261953,3.676780042261953,3.676780042261953,0.0,0,0.826055529735072,False
ieee39,0.2,box,3,True,True,3419802.8718548897,80.860192,0.0,8.39248530002078,0.0,0.0,0.9431323348243995,1.0599537532025722,98.55965077905877,0.0,1.8070965229113654,1.7688669603777498,1.7688669603777498,0.0,0,0.8249997416950889,False
ieee39,0.2,box,4,True,True,3418846.478991172,56.6021344,0.0,8.331700699985959,0.0,0.0,0.9432200789706141,1.0599992806864567,98.55965046966644,0.0,0.9607699286679008,0.9607699286679008,0.9607699286679008,0.0,0,0.8249977256655492,True
ieee39,0.2,current,0,True,True,3351102.911801133,235.74400000000003,0.0,44.27165099995909,0.0,0.0,0.942872389148359,1.0599622987876165,103.22421253466216,0.0,76.27258004681676,76.27258004681676,76.27258004681676,1.0444096102250713,0,1.0444096102250713,False
ieee39,0.2,current,1,True,True,3400784.3224494583,165.0208,2.2983903972567957e-12,15.034017800004221,0.0,0.0,0.9400067620799596,1.0596545831609758,99.39557396629026,0.01516044325624022,5.871767540434462,5.871767540434462,5.871767540434462,0.9997489713158596,0,0.9997489713158596,False
ieee39,0.2,current,2,True,True,3393778.2014131257,115.51456,0.0,8.928804799972568,0.0,0.0,0.9400033789858256,1.0599587729271187,99.46191068720836,0.0,5.266611706064509,5.266611706064509,5.266611706064509,1.0286227550726654,0,1.0286227550726654,False
ieee39,0.2,current,3,True,True,3392496.260840244,80.860192,7.336825010436608e-15,5.175264699966647,8.565526843362647e-08,0.0,0.9399999143447315,1.0599998395625922,99.47568923818005,0.0,3.534403177639433,3.534403177639433,3.534403177639433,1.0013304939737648,0,1.0013304939737648,False
ieee39,0.2,current,4,True,True,3391440.5714522633,56.6021344,7.321546054038083e-24,5.206788800016511,2.7058355556164315e-12,0.0,0.9399999999972941,1.0599999999932412,99.4768800800024,0.0,1.3826610541133277,1.3826610541133277,1.3826610541133277,1.0254877714098338,0,1.0254877714098338,False
ieee39,0.2,current,5,True,True,3390836.469525076,39.62149408,2.9084987140472266e-30,5.105229599983431,0.0,1.5543122344752192e-15,0.9400000000000012,1.0600000000000016,99.47550669604135,6.966649479522857e-12,0.7004008349396145,0.7004008349396145,0.7004008349396145,1.0200787793023212,0,1.0200787793023212,False
ieee39,0.2,current,6,True,True,3390479.2152500134,27.735045855999996,9.640378841614388e-31,5.3395115999737754,0.0,6.661338147750939e-16,0.9400000000000004,1.0600000000000007,99.47690297606646,5.9396931817445875e-12,0.405492711067609,0.405492711067609,0.405492711067609,1.0103243130496433,0,1.0103243130496433,False
ieee39,0.2,current,7,True,True,3390221.0011082334,19.414532099199995,3.0814879110195774e-31,5.101493800000753,5.551115123125783e-16,0.0,0.9399999999999994,1.0599999999999992,99.47688700254767,0.0,0.17897493935026887,0.17897493935026887,0.17897493935026887,1.0079554030371516,0,1.0079554030371516,False
ieee39,0.2,current,8,True,True,3390035.6206425247,13.590172469439995,6.19811925982239e-31,5.505427800002508,0.0,4.440892098500626e-16,0.9400000000000002,1.0600000000000005,99.47688723603633,7.87281351222191e-12,0.09342378913459015,0.09342378913459015,0.09342378913459015,1.001540911072679,0,1.001540911072679,False
ieee39,0.2,current,9,True,True,3389912.822018376,9.513120728607996,1.55678784015461e-30,5.86983409995446,4.440892098500626e-16,0.0,0.9399999999999995,1.0599999999999985,99.47688723263713,1.247713043994736e-11,0.027339492427586265,0.027339492427586265,0.027339492427586265,0.9994318854276356,0,0.9994318854276356,True
ieee39,0.4,box,0,True,True,2441304.3396066884,235.74400000000003,0.0,41.35961059998954,0.0,0.0,0.9412592424951826,1.0595661050272311,99.73565185558611,0.0,66.83211612195441,0.0,0.0,0.0,0,0.9625989531941832,False
ieee39,0.4,box,1,True,True,2481479.126955969,165.0208,0.0,50.132308700005524,0.0,0.0,0.9400178938242784,1.0599656525105867,95.95157660401958,0.0,5.012372898051922,0.0,0.0,0.0,0,1.0337234888350002,False
ieee39,0.4,box,2,True,True,2477597.028138565,115.51456,1.0969214790229126e-11,31.586950700031593,0.0,3.3119804936365682e-06,0.9400056519482174,1.0600033119804937,96.29535199806563,0.0,3.1940209470428726,0.0,0.0,0.0,0,1.0639414435941772,False
ieee39,0.4,box,3,True,True,2475332.4691475914,80.860192,0.0,20.14651639998192,0.0,0.0,0.9400258235353035,1.059992237069672,95.27863280369095,0.0,1.4739551009603247,0.0,0.0,0.0,0,1.0347597100656185,False
ieee39,0.4,box,4,True,True,2473961.437392058,56.6021344,1.3110765354198268e-09,35.08725219999906,1.3896560336679187e-05,0.0,0.9399861034396633,1.0599736946340508,95.1883152985241,0.3343594093529987,1.0058724132121597,0.0,0.0,0.0,0,1.056283615209415,False
ieee39,0.4,box,5,True,True,2473152.958794544,39.62149408,0.0,12.949149399995804,0.0,0.0,0.9400763567535807,1.059992229577341,94.76345507171173,0.0,0.3651463155520105,0.0,0.0,0.0,0,1.0569824139758592,True
ieee39,0.4,current,0,True,True,2433092.2642430216,235.74400000000003,3.6099980175660994e-07,99.28157229995122,0.0003588414763583403,0.0,0.9396411585236416,1.0599,97.45174512255417,4.433976584904343,71.48470827073982,0.0,0.0,1.07874909101463,0,1.07874909101463,False
ieee39,0.4,current,1,True,True,2477417.964329408,165.0208,3.330838742788092e-06,94.0189868999878,0.0008808623289685569,0.0015984118055720753,0.9391191376710314,1.0615984118055721,95.45001865065183,2.3596980441781454,6.462764160017855,0.0,0.0,1.0437260711414862,0,1.0437260711414862,False
ieee39,0.4,current,2,True,True,2474421.5942280535,115.51456,8.962334858234317e-11,48.193682299985085,1.7996694390287615e-06,0.0,0.9399982003305609,1.059999942478309,97.05376720538976,0.09294328297008292,2.440705492735221,0.0,0.0,1.0005777120345232,0,1.0005777120345232,False
ieee39,0.4,current,3,True,True,2472284.2696757093,80.860192,3.0311541709836264e-08,30.70143980003195,4.664570455070738e-05,0.00016408086392893928,0.9399533542954492,1.060164080863929,95.04979723572524,0.0017737354679638884,1.3314420471620139,0.0,0.0,1.020276410668293,0,1.020276410668293,False
ieee39,0.4,current,4,True,True,2471647.453347544,56.6021344,6.16818754917545e-09,25.123465000011493,1.0052814232164309e-06,6.989275363622482e-05,0.9399989947185767,1.0600698927536363,95.08773647783161,7.602073992529768e-08,0.9978231026049116,0.0,0.0,1.0058950505953697,0,1.0058950505953697,False
ieee39,0.4,current,5,True,True,2471370.28234166,39.62149408,9.170617702827858e-10,36.04401260003215,5.277724321239852e-06,2.5611260521252177e-05,0.9399947222756787,1.0600256112605213,95.19150579423854,8.810729923425242e-13,0.5517207862932594,0.0,0.0,0.9991776928045601,0,0.9991776928045601,True
rts24,0.2,box,0,True,True,1495570.1630177037,108.96000000000001,0.0,61.39381029998185,0.0,0.0,0.9646373913087584,1.05,100.03320414588737,0.0,32.60094809003954,32.60094809003954,32.60094809003954,0.0,0,1.3491956012635837,False
rts24,0.2,box,1,True,True,1513271.3516578465,76.272,0.0,12.830335000006016,0.0,0.0,0.9664004721877582,1.05,84.87094062049059,0.0,9.77311691848675,8.810400360408892,9.77311691848675,0.0,0,1.3898429341628973,False
rts24,0.2,box,2,True,True,1515362.1050600733,53.3904,0.0,13.34161490004044,0.0,0.0,0.9639196258471187,1.05,98.17200398618506,0.0,4.28978705155987,4.28978705155987,4.28978705155987,0.0,0,1.355077423485515,False
rts24,0.2,box,3,True,True,1515406.50814188,37.373279999999994,4.930380657631324e-32,12.881951800023671,0.0,2.220446049250313e-16,0.9651881963024892,1.0500000000000003,84.59404102620557,0.0,2.5717499259838235,2.501355502915942,2.501355502915942,0.0,0,1.3901261367537752,False
rts24,0.2,box,4,True,True,1516078.6013036827,26.161295999999993,0.0,10.933332699991297,0.0,0.0,0.9634968027589601,1.05,89.19901965891071,0.0,1.251923991595902,0.7333193957633171,1.251923991595902,0.0,0,1.3890432370973447,False
rts24,0.2,box,5,True,True,1516192.9390117703,18.312907199999994,1.9721522630525295e-31,10.797735299973283,0.0,4.440892098500626e-16,0.9650305534616009,1.0500000000000005,86.67515366120358,0.0,0.6368037250144312,0.3950604353747167,0.3950604353747167,0.0,0,1.3385900700047955,True
rts24,0.2,current,0,True,True,1485458.586423073,108.96000000000001,0.0,88.54109700000845,0.0,0.0,0.9533786340089518,1.0499136466322114,100.00565604128289,0.0,35.050266800273505,35.050266800273505,35.050266800273505,1.026543059319203,0,1.026543059319203,False
rts24,0.2,current,1,True,True,1505532.113087347,76.272,0.0,18.534854000026826,0.0,0.0,0.9592300612504457,1.0499915839255416,97.28798553525341,0.0,7.634421580753269,6.420509881944213,6.420509881944213,1.0036618213590784,0,1.0036618213590784,False
rts24,0.2,current,2,True,True,1506347.7476353757,53.3904,2.2582393443477255e-15,18.88420179998502,0.0,4.75209358530293e-08,0.95863612491809,1.050000047520936,97.29162560065863,0.0,3.968406954668751,3.968406954668751,3.968406954668751,1.0050704625414986,0,1.0050704625414986,False
rts24,0.2,current,3,True,True,1506683.762523979,37.373279999999994,0.0,14.261777799983975,0.0,0.0,0.9588556400431016,1.0499954172859802,97.28616353245299,0.0,2.4144579072620047,1.8693914236514502,1.8693914236514502,1.0016858861439875,0,1.0016858861439875,False
rts24,0.2,current,4,True,True,1507017.7615666653,26.161295999999993,0.0,10.606216499989387,0.0,0.0,0.9588757558003013,1.0499978107131585,97.28345276485443,0.0,1.167061663580796,0.9171007889116254,0.9171007889116254,1.006826319060446,0,1.006826319060446,False
rts24,0.2,current,5,True,True,1507177.772879615,18.312907199999994,0.0,9.389907500008121,0.0,0.0,0.9582921310319977,1.0499986706314002,97.28556452430837,0.0,0.4493872347964043,0.4493872347964043,0.4493872347964043,1.0013988873714363,0,1.0013988873714363,False
rts24,0.2,current,6,True,True,1507262.4926313856,12.819035039999996,0.0,14.249173899996094,0.0,0.0,0.9587733163717013,1.0499993470621503,97.28402001838573,0.0,0.2342174955962264,0.1947108498804937,0.1947108498804937,1.002428240554716,0,1.002428240554716,False
rts24,0.2,current,7,True,True,1507284.4426625066,8.973324527999996,4.089829734372108e-18,9.29680469998857,0.0,2.022332745710287e-09,0.9587547237755877,1.0500000020223328,97.28505019099347,0.0,0.08827688980227322,0.07734361864407902,0.07734361864407902,1.0013990476970838,0,1.0013990476970838,False
rts24,0.2,current,8,True,True,1507289.4624553933,6.281327169599996,0.0,9.150561799993739,0.0,0.0,0.9587563699256414,1.0499999953899974,97.28515765583342,0.0,0.05254032078201476,0.041378087574173605,0.041378087574173605,1.0007977459295598,0,1.0007977459295598,True
rts24,0.4,box,0,True,True,867644.6074672171,108.96000000000001,0.0,47.66214589995798,0.0,0.0,0.9512675759025987,1.04972811671273,102.07658745067951,0.0,34.57069146187797,34.57069146187797,34.57069146187797,0.0,0,1.387528086320289,False
rts24,0.4,box,1,True,True,886559.673368972,76.272,0.0,20.099131099996157,0.0,0.0,0.9557304070488365,1.0497687642694997,99.61539781939118,0.0,4.84261144976702,0.0,0.0,0.0,0,1.3822209708494397,False
rts24,0.4,box,2,True,True,887340.6032887836,53.3904,0.0,13.2669176000054,0.0,0.0,0.9558491253357528,1.0499673224161437,100.16591717192706,0.0,1.5308640971369414,0.0,1.5132379965517089,0.0,0,1.3820014686337212,False
rts24,0.4,box,3,True,True,887591.6944852743,37.373279999999994,0.0,12.61068649997469,0.0,0.0,0.9527266362272397,1.0499852585244778,100.17936692751582,0.0,0.7918464370608831,0.19736566927662125,0.19736566927662125,0.0,0,1.4025975496262615,False
rts24,0.4,box,4,True,True,887691.1075455282,26.161295999999993,0.0,11.499775499978568,0.0,0.0,0.955557243119084,1.0499951958560876,99.71397393420108,0.0,0.19939204131890165,0.19939204131890165,0.19939204131890165,0.0,0,1.3981801165693173,True
rts24,0.4,current,0,True,True,858231.6155178216,108.96000000000001,0.0,58.79012239997974,0.0,0.0,0.9512057112590223,1.0498367044568437,102.082844092214,0.0,36.36792243023365,36.36792243023365,36.36792243023365,1.0423310041896492,0,1.0423310041896492,False
rts24,0.4,current,1,True,True,878455.619983468,76.272,0.0,25.31427849997999,0.0,0.0,0.9555456726653508,1.048410057141153,98.8366453598903,0.0,5.031520065537592,0.0,0.0,1.0049146093815053,0,1.0049146093815053,False
rts24,0.4,current,2,True,True,878497.699961834,53.3904,0.0,13.099272200022824,0.0,0.0,0.9514251851683613,1.0498291546482614,100.43746301956811,0.0,1.7401161889563355,0.0,0.0,1.01774631642561,0,1.01774631642561,False
rts24,0.4,current,3,True,True,878730.9590054445,37.373279999999994,0.0,12.923639599990565,0.0,0.0,0.9549900390512115,1.049812699294175,99.83396596346041,0.0,0.8460191177789511,0.7141347801882603,0.7141347801882603,1.0042262879585535,0,1.0042262879585535,False
rts24,0.4,current,4,True,True,878710.9492421836,26.161295999999993,0.0,11.142369500012137,0.0,0.0,0.9569584339786641,1.0499088226704978,100.30317064387462,0.0,0.2946376924019205,0.2946376924019205,0.2946376924019205,1.0245390824163212,0,1.0245390824163212,False
rts24,0.4,current,5,True,True,878799.4310295115,18.312907199999994,0.0,12.911372400005348,0.0,0.0,0.9554740091197914,1.0481065843632817,99.93798248994345,0.0,0.11656791582322512,0.10170177006045833,0.10170177006045833,1.0084744516411313,0,1.0084744516411313,False
rts24,0.4,current,6,True,True,878813.1412205731,12.819035039999996,0.0,11.072677199961618,0.0,0.0,0.9565989655700847,1.0481298077306302,99.93292157524394,0.0,0.10523318695413764,0.053867831986849524,0.053867831986849524,1.0072929068424068,0,1.0072929068424068,False
rts24,0.4,current,7,True,True,878824.6642548058,8.973324527999996,0.0,11.235081400023773,0.0,0.0,0.9558153367917501,1.0481166476424155,99.90148999438475,0.0,0.05273505938333756,0.025602243864113916,0.025602243864113916,1.0051079594764405,0,1.0051079594764405,False
rts24,0.4,current,8,True,True,878824.0873262391,6.281327169599996,0.0,11.377421499986667,0.0,0.0,0.9557520460929785,1.0481273782951617,99.94676295841452,0.0,0.01614205110848843,0.011901087175658631,0.011901087175658631,1.0035693537453612,0,1.0035693537453612,False
rts24,0.4,current,9,True,True,878832.7221952911,4.396929018719997,0.0,10.920986200042535,0.0,0.0,0.9561435687614319,1.0481206097580549,99.92473627941412,0.0,0.008595144943626565,0.006525708587389545,0.006525708587389545,1.0025498337251737,0,1.0025498337251737,False
rts24,0.4,current,10,True,True,878832.1948543561,3.077850313103998,0.0,12.863478099985514,0.0,0.0,0.9558699533994472,1.0481150916338347,99.8983738403781,0.0,0.013308614795107587,0.003239663107137858,0.003239663107137858,1.001700228887154,0,1.001700228887154,False
rts24,0.4,current,11,True,True,878828.3047275196,2.1544952191727984,0.0,10.992877800017595,0.0,0.0,0.9556687014067613,1.048119131940806,99.91848909293978,0.0,0.0020515177294555542,0.0014252886822418986,0.0014252886822418986,1.0013001710808884,0,1.0013001710808884,False
rts24,0.4,current,12,True,True,878832.741870175,2.0,0.0,11.05663349997485,0.0,0.0,0.9557805145935143,1.048116390817146,99.90955331017433,0.0,0.0010278924647195709,0.0007828423193245726,0.0007828423193245726,1.0008610801011826,0,1.0008610801011826,True
