case,share,form,round,carried,feasible,converged,cost,residual_pu2,controls_moved,v_move_pu,v_min,v_max,loading_max,q_at_limit,branch_rows,losses_charged,loss_mw,seconds,note
rts24,0.2,current,0,none,True,True,1485458.5864230725,0.00015571833853582034,65.0,0.010559757894978983,0.956153401738271,1.0624787154200992,100.0497276310137,4.0,0.0,False,,27.5777468,
rts24,0.2,current,1,none,True,True,1485248.599042822,0.00015879327101536638,68.0,0.01126631068506545,0.949876810986024,1.0626013202092228,100.35664922805438,4.0,0.0,False,,13.665804900000001,
rts24,0.2,current,2,none,True,True,1485228.2857208003,0.00016177738338369978,68.0,0.005575140398432099,0.9499502269728837,1.0627191738483166,100.35211512043492,4.0,0.0,False,,11.003809099999998,
rts24,0.2,current,3,none,True,True,1485214.4623995293,0.0001571042057630868,68.0,0.0027561004087716112,0.9499904436450023,1.062534121659019,100.34974413733428,4.0,0.0,False,,12.491591000000007,
rts24,0.2,current,4,none,True,True,1485209.6506307377,0.00015726061407934206,69.0,0.002234951556042475,0.9499981906083198,1.0625403594079015,100.86632173192748,4.0,0.0,False,,14.158785299999991,
rts24,0.2,current,0,branch,True,True,1485458.5864230725,0.00015571833853582034,65.0,0.010559757894978983,0.956153401738271,1.0624787154200992,100.0497276310137,4.0,7296.0,False,,25.81607670000001,
rts24,0.2,current,1,branch,True,True,1485248.5990428217,0.00015879327101538316,69.0,0.011191158346907093,0.9496833624868687,1.0626013202092235,100.42457244072469,4.0,7296.0,False,,14.7700514,
rts24,0.2,current,2,branch,True,True,1485238.5815522159,0.00016177063594668978,69.0,0.005558944234205221,0.949704147328808,1.062718908598881,100.4176183694605,4.0,7296.0,False,,13.451222400000006,
rts24,0.2,current,3,branch,True,True,1485229.9207146186,0.00015709620315753129,69.0,0.002826859726588138,0.9496023695650605,1.0625338024221516,100.04984894552959,4.0,7296.0,False,,14.697638299999994,
rts24,0.2,current,4,branch,True,True,1485227.582308462,0.00015726061369205997,69.0,0.001402439943271494,0.9496116019551885,1.06254035939246,100.04982026658136,4.0,7296.0,False,,14.499447600000025,
rts24,0.2,current,0,branch+loss,True,True,1485458.5864230725,0.00015571833853582034,65.0,0.010559757894978983,0.956153401738271,1.0624787154200992,100.0497276310137,4.0,7296.0,True,79.27773703179459,36.68148209999998,
rts24,0.2,current,1,branch+loss,True,True,1493298.0687721975,2.1411658415002345e-05,75.0,0.013590721443055287,0.9510407612257625,1.054627273324,83.12291694399579,5.0,7296.0,True,114.7289743506185,27.138463100000024,
rts24,0.2,current,2,branch+loss,True,True,1495309.5002974123,2.2255550883243497e-06,81.0,0.01369735161316421,0.9493970409386856,1.0513645495442465,100.02908811987818,4.0,7296.0,True,112.55946589861858,31.99424570000002,
rts24,0.2,current,3,branch+loss,True,True,1499692.8249474224,0.00011486900881637417,81.0,0.015408001752969858,0.9487431032870787,1.0606437408588063,100.80554803777721,5.0,7296.0,True,100.73620911689702,29.364387600000043,
rts24,0.2,current,4,branch+loss,True,True,1498016.96316028,0.00027894240730790617,84.0,0.016667800856085213,0.943611679287988,1.0650256400453288,100.30568006785974,5.0,7296.0,True,142.15720545914,26.321134299999983,
rts24,0.4,current,0,none,True,True,858231.6155178216,2.6329493773439218e-05,55.0,0.01943678300392304,0.95266983873471,1.0551312273164848,101.93442903517442,2.0,0.0,False,,20.203235699999993,
rts24,0.4,current,1,none,True,True,858231.6155178216,2.7357576010451287e-05,55.0,0.009718672121032279,0.9526692660194639,1.0552304470182243,101.93448693630856,2.0,0.0,False,,11.731404300000008,
rts24,0.4,current,2,none,True,True,858231.6155178217,2.787961670647976e-05,55.0,0.004859476904311544,0.9526689785714697,1.0552801152171596,101.93451599713627,2.0,0.0,False,,11.437610699999993,
rts24,0.4,current,3,none,True,True,858231.6155178217,2.814283225099721e-05,55.0,0.0024298090369236913,0.9526688345150703,1.0553049818332392,101.93453056116218,2.0,0.0,False,,10.146175900000003,
rts24,0.4,current,4,none,True,True,858231.6155178216,2.8275085733172737e-05,55.0,0.001214939866107878,0.9526687623740863,1.0553174322499843,101.93453785457905,2.0,0.0,False,,10.00280760000004,
rts24,0.4,current,0,branch,True,True,858231.6155178216,2.6329493773439218e-05,55.0,0.01943678300392304,0.95266983873471,1.0551312273164848,101.93442903517442,2.0,7296.0,False,,19.37945099999996,
rts24,0.4,current,1,branch,True,True,858231.6155178216,2.7357576010460577e-05,55.0,0.009718672121032279,0.9526692660194639,1.0552304470182252,101.93448693630856,2.0,7296.0,False,,12.378456999999969,
rts24,0.4,current,2,branch,True,True,858231.6155178216,2.7879616706482104e-05,55.0,0.004859476904311544,0.9526689785714695,1.0552801152171598,101.93451599713632,2.0,7296.0,False,,12.565289500000006,
rts24,0.4,current,3,branch,True,True,858231.6155178216,2.814283225099485e-05,55.0,0.0024298090369239134,0.9526688345150699,1.055304981833239,101.93453056116222,2.0,7296.0,False,,12.403030200000046,
rts24,0.4,current,4,branch,True,True,858231.6155178217,2.8275085733198714e-05,55.0,0.001214939866107878,0.9526687623740863,1.0553174322499868,101.93453785457906,2.0,7296.0,False,,12.399251600000014,
rts24,0.4,current,0,branch+loss,True,True,858231.6155178216,2.6329493773439218e-05,55.0,0.01943678300392304,0.95266983873471,1.0551312273164848,101.93442903517442,2.0,7296.0,True,193.26809469379776,28.090462599999967,
rts24,0.4,current,1,branch+loss,True,True,872761.8117242514,0.0,63.0,0.015416095919611905,0.9534654677401194,1.049997030809833,101.08393524432566,2.0,7296.0,True,98.412310282496,27.374649199999965,
rts24,0.4,current,2,branch+loss,True,True,873981.2118631342,0.0013062802679034628,63.0,0.030340867347698364,0.9400212726919763,1.084737663554355,102.67207338214628,3.0,7296.0,True,148.93016521508395,41.81338949999997,
rts24,0.4,current,3,branch+loss,True,True,875925.5651510076,0.0,63.0,0.026651891464348765,0.9505350162058516,1.0497314501401223,101.90447129251343,2.0,7296.0,True,135.4562941175767,19.262762299999963,
rts24,0.4,current,4,branch+loss,True,True,876289.740810659,0.0,63.0,0.013874855374015782,0.9506593718845208,1.0494813176514115,102.00765681950308,1.0,7296.0,True,141.93533170235096,19.703342799999973,
ieee39,0.2,current,0,none,True,True,3351102.9118011333,0.0,57.0,0.03793957250960567,0.9400658733463231,1.0599622987876156,102.93864325592843,2.0,0.0,False,,17.99208939999994,
ieee39,0.2,current,1,none,True,True,3351102.9118011333,0.0,57.0,0.018969786254802834,0.9400658733463231,1.0599622987876156,102.93864325592843,2.0,0.0,False,,8.020904900000005,
ieee39,0.2,current,2,none,True,True,3351102.9118011333,0.0,57.0,0.009484893127401417,0.9400658733463231,1.0599622987876156,102.9386432559287,2.0,0.0,False,,8.160156400000005,
ieee39,0.2,current,3,none,True,True,3351102.9118011324,0.0,57.0,0.0047424465637007085,0.9400658733463231,1.0599622987876156,102.9386432559287,2.0,0.0,False,,8.140273999999977,
ieee39,0.2,current,4,none,True,True,3351102.911801133,0.0,57.0,0.0023712232818504653,0.9400658733463231,1.0599622987876156,102.93864325592878,2.0,0.0,False,,7.3432028999999375,
ieee39,0.2,current,0,branch,True,True,3351102.9118011333,0.0,57.0,0.03793957250960567,0.9400658733463231,1.0599622987876156,102.93864325592843,2.0,8832.0,False,,15.724847700000055,
ieee39,0.2,current,1,branch,True,True,3351102.9118011333,0.0,58.0,0.018969786254802834,0.9432629924149791,1.0599622987876156,99.63481362851387,2.0,8832.0,False,,9.269305600000052,
ieee39,0.2,current,2,branch,True,True,3351102.9118011333,0.0,58.0,0.009484893127401417,0.9432610124967891,1.0599622987876156,99.63665298590749,2.0,8832.0,False,,8.583741299999929,
ieee39,0.2,current,3,branch,True,True,3351102.9118011333,0.0,58.0,0.0047424465637007085,0.9432610124956632,1.0599622987876156,99.63665298695092,2.0,8832.0,False,,8.24430510000002,
ieee39,0.2,current,4,branch,True,True,3351102.9118011333,0.0,58.0,0.0023712232818504653,0.9432610124956635,1.0599622987876156,99.63665298695086,2.0,8832.0,False,,8.29341199999999,
ieee39,0.2,current,0,branch+loss,True,True,3351102.9118011333,0.0,57.0,0.03793957250960567,0.9400658733463231,1.0599622987876156,102.93864325592843,2.0,8832.0,True,-141.7572903000338,24.246961199999987,
ieee39,0.2,current,1,branch+loss,True,False,3295438.4882717235,,,,,,,,,,,,LoadflowNotConverged
ieee39,0.4,current,0,none,True,True,2433092.264243021,0.0,51.0,0.038967575498177975,0.9405506707208493,1.0599778140877707,97.61261422382837,2.0,0.0,False,,25.083850100000063,
ieee39,0.4,current,1,none,True,True,2433092.264243021,0.0,51.0,0.019483787749088988,0.9405506707208493,1.0599778140877707,97.61261422382837,2.0,0.0,False,,8.139270699999997,
ieee39,0.4,current,2,none,True,True,2433092.264243021,0.0,51.0,0.009741893874544494,0.9405506707208493,1.0599778140877707,97.61261422382837,2.0,0.0,False,,8.008450100000005,
ieee39,0.4,current,3,none,True,True,2433092.2642430216,0.0,51.0,0.004870946937272191,0.9405506707208493,1.0599778140877707,97.61261422382837,2.0,0.0,False,,8.178527799999983,
ieee39,0.4,current,4,none,True,True,2433092.2642430216,0.0,51.0,0.0024354734686361512,0.9405506707208493,1.0599778140877707,97.61261422382837,2.0,0.0,False,,8.096570199999974,
ieee39,0.4,current,0,branch,True,True,2433092.264243021,0.0,51.0,0.038967575498177975,0.9405506707208493,1.0599778140877707,97.61261422382837,2.0,8832.0,False,,24.6270088,
ieee39,0.4,current,1,branch,True,True,2433092.264243021,0.0,51.0,0.019483787749088988,0.9405506707208493,1.0599778140877707,97.61261422382837,2.0,8832.0,False,,8.494827099999952,
ieee39,0.4,current,2,branch,True,True,2433092.264243021,0.0,51.0,0.009741893874544494,0.9405506707208493,1.0599778140877707,97.61261422382837,2.0,8832.0,False,,8.620726999999988,
ieee39,0.4,current,3,branch,True,True,2433092.264243021,0.0,51.0,0.004870946937272191,0.9405506707208493,1.0599778140877707,97.61261422382837,2.0,8832.0,False,,8.711005099999966,
ieee39,0.4,current,4,branch,True,True,2433092.264243021,0.0,51.0,0.0024354734686361512,0.9405506707208493,1.0599778140877707,97.61261422382837,2.0,8832.0,False,,8.360212199999978,
ieee39,0.4,current,0,branch+loss,True,True,2433092.264243021,0.0,51.0,0.038967575498177975,0.9405506707208493,1.0599778140877707,97.61261422382837,2.0,8832.0,True,-850.3133030932496,30.24297230000002,
ieee39,0.4,current,1,branch+loss,True,False,2375197.1186804348,,,,,,,,,,,,LoadflowNotConverged
