case,share,dispatch,i_short_term,reactive_frac,reserve_frac,soc_threshold,priority,network,zonal,form,feasible,cost,price_inertia,price_reserve,price_energy,curtailed_mwh,mean_availability,min_soc,axis,rung
ieee39,0.2,0.4,1.5,0.35,0.06,0.2,reactive,True,True,box,True,4000215.102471524,3.0,4.0,38.0,0.0,0.6250333571795254,0.05,dispatch,
ieee39,0.2,0.4,1.5,0.35,0.06,0.2,reactive,True,True,current,True,4000215.1024715235,3.0,4.0,38.0,0.0,0.709941316815554,0.05,dispatch,
ieee39,0.2,0.6,1.5,0.35,0.06,0.2,reactive,True,True,box,True,3675659.0071363286,3.0,4.0,38.0,0.0,0.670281559035876,0.050026617045583005,dispatch,
ieee39,0.2,0.6,1.5,0.35,0.06,0.2,reactive,True,True,current,True,3675659.0071363286,3.0,4.0,38.0,0.0,0.6462369290972637,0.05001020454276836,dispatch,
ieee39,0.2,0.8,1.5,0.35,0.06,0.2,reactive,True,True,box,True,3383433.0526730237,8.0,9.0,38.0,0.0,0.5611002073514514,0.050031644192027575,dispatch,
ieee39,0.2,0.8,1.5,0.35,0.06,0.2,reactive,True,True,current,True,3351102.911801133,3.0,4.0,38.0,0.0,0.7054624039477048,0.05,dispatch,
ieee39,0.2,1.0,1.5,0.35,0.06,0.2,reactive,True,True,box,True,3362758.603684636,41.0,9.0,38.0,7914.451423048438,0.37505339168790486,0.05001202212972853,dispatch,
ieee39,0.2,1.0,1.5,0.35,0.06,0.2,reactive,True,True,current,True,3059995.754404552,3.0,9.0,38.0,253.23458219153073,0.6096827960465483,0.06787485918801611,dispatch,
ieee39,0.4,0.4,1.5,0.35,0.06,0.2,reactive,True,True,box,True,3620375.6160439146,3.0,4.0,41.75908947133509,0.0,0.6685729939608869,0.05,dispatch,
ieee39,0.4,0.4,1.5,0.35,0.06,0.2,reactive,True,True,current,True,3620375.6160439146,3.0,4.0,41.75908947133508,0.0,0.6685729939608869,0.05,dispatch,
ieee39,0.4,0.6,1.5,0.35,0.06,0.2,reactive,True,True,box,True,3015490.980595743,3.0,4.0,38.34859050654067,0.0,0.5358789379124618,0.05,dispatch,
ieee39,0.4,0.6,1.5,0.35,0.06,0.2,reactive,True,True,current,True,3015490.9805957433,3.0,4.0,38.348590506540674,0.0,0.5818615368098419,0.05,dispatch,
ieee39,0.4,0.8,1.5,0.35,0.06,0.2,reactive,True,True,box,True,2441304.3396066884,8.0,9.0,38.0,0.0,0.4208088375040826,0.050031315541660557,dispatch,
ieee39,0.4,0.8,1.5,0.35,0.06,0.2,reactive,True,True,current,True,2433092.2642430216,3.0,4.0,38.0,0.0,0.5433464651588172,0.05,dispatch,
ieee39,0.4,1.0,1.5,0.35,0.06,0.2,reactive,True,True,box,True,2261450.658264033,41.0,9.0,38.0,9861.467100021695,0.2947238098513799,0.05001037887789342,dispatch,
ieee39,0.4,1.0,1.5,0.35,0.06,0.2,reactive,True,True,current,True,1925093.8587452474,3.0,7.125,38.0,1163.758763327536,0.4947519980476974,0.05,dispatch,
rts24,0.2,0.4,1.5,0.35,0.06,0.2,reactive,True,True,box,True,1667178.9347118463,3.0,4.0,38.0,0.0,0.41086713955894816,0.05,dispatch,
rts24,0.2,0.4,1.5,0.35,0.06,0.2,reactive,True,True,current,True,1667178.9347118463,3.0,4.0,38.0,0.0,0.3767228633406998,0.05,dispatch,
rts24,0.2,0.6,1.5,0.35,0.06,0.2,reactive,True,True,box,True,1573834.4537955008,8.0,9.0,38.0,0.0,0.32429001258890544,0.05000730297951353,dispatch,
rts24,0.2,0.6,1.5,0.35,0.06,0.2,reactive,True,True,current,True,1571136.5979692212,3.0,4.0,38.0,0.0,0.3387823809533423,0.05001508743502028,dispatch,
rts24,0.2,0.8,1.5,0.35,0.06,0.2,reactive,True,True,box,True,1495570.1630177037,8.0,9.0,38.0,0.0,0.1956727683537023,0.05000730297951353,dispatch,
rts24,0.2,0.8,1.5,0.35,0.06,0.2,reactive,True,True,current,True,1485458.586423073,3.002981761677058,6.606615559406147,38.0,0.0,0.4102934182339185,0.05566643146498059,dispatch,
rts24,0.2,1.0,1.5,0.35,0.06,0.2,reactive,True,True,box,True,1441430.5455058748,41.0,9.0,38.0,929.4119139710093,0.2662837590737275,0.05000730297951353,dispatch,
rts24,0.2,1.0,1.5,0.35,0.06,0.2,reactive,True,True,current,True,1424529.7873790518,3.0,9.0,38.0,0.0002733945005291005,0.3780694569947227,0.06223926135492358,dispatch,
rts24,0.4,0.4,1.5,0.35,0.06,0.2,reactive,True,True,box,True,1194001.2900594505,3.0,4.0,38.0,0.0,0.29252401315518783,0.05,dispatch,
rts24,0.4,0.4,1.5,0.35,0.06,0.2,reactive,True,True,current,True,1194001.2900594505,3.0,4.0,38.0,0.0,0.2817995265869774,0.05,dispatch,
rts24,0.4,0.6,1.5,0.35,0.06,0.2,reactive,True,True,box,True,995587.2476144802,3.0,4.0,33.99030470914128,0.0,0.35141795554398675,0.05,dispatch,
rts24,0.4,0.6,1.5,0.35,0.06,0.2,reactive,True,True,current,True,995587.2476144802,3.0,4.0,33.99030470914128,0.0,0.33999042506720156,0.05,dispatch,
rts24,0.4,0.8,1.5,0.35,0.06,0.2,reactive,True,True,box,True,867644.6074672171,6.75,7.75,31.58695290858726,0.0,0.4119709943080001,0.05,dispatch,
rts24,0.4,0.8,1.5,0.35,0.06,0.2,reactive,True,True,current,True,858231.6155178216,3.0,4.0,31.903157894736847,0.0,0.46582309923567444,0.05,dispatch,
rts24,0.4,1.0,1.5,0.35,0.06,0.2,reactive,True,True,box,True,821770.4281150796,23.25,7.75,24.375,5248.635101381056,0.4193586169047704,0.05,dispatch,
rts24,0.4,1.0,1.5,0.35,0.06,0.2,reactive,True,True,current,True,805955.0017573131,3.0,4.0,23.75,5113.7058320737615,0.49272847084180654,0.05,dispatch,
ieee39,0.2,0.8,1.0,0.35,0.06,0.2,reactive,True,True,box,True,3383433.0526730237,8.0,9.0,38.0,0.0,0.5611002073514514,0.050031644192027575,i_short,
ieee39,0.2,0.8,1.0,0.35,0.06,0.2,reactive,True,True,current,True,3378082.6277238526,8.0,9.0,38.0,0.0,0.589360001996679,0.0500349755651389,i_short,
ieee39,0.2,0.8,1.2,0.35,0.06,0.2,reactive,True,True,box,True,3383433.0526730237,8.0,9.0,38.0,0.0,0.5611002073514514,0.050031644192027575,i_short,
ieee39,0.2,0.8,1.2,0.35,0.06,0.2,reactive,True,True,current,True,3351102.9118011324,3.0,4.0,38.0,0.0,0.9003909586935951,0.05002885716773956,i_short,
ieee39,0.2,0.8,1.5,0.35,0.06,0.2,reactive,True,True,box,True,3383433.0526730237,8.0,9.0,38.0,0.0,0.5611002073514514,0.050031644192027575,i_short,
ieee39,0.2,0.8,1.5,0.35,0.06,0.2,reactive,True,True,current,True,3351102.911801133,3.0,4.0,38.0,0.0,0.7054624039477048,0.05,i_short,
ieee39,0.4,0.8,1.0,0.35,0.06,0.2,reactive,True,True,box,True,2441304.3396066884,8.0,9.0,38.0,0.0,0.4208088375040826,0.050031315541660557,i_short,
ieee39,0.4,0.8,1.0,0.35,0.06,0.2,reactive,True,True,current,True,2442610.911698265,8.0,9.0,38.0,0.0,0.4475215516108463,0.050021852324598076,i_short,
ieee39,0.4,0.8,1.2,0.35,0.06,0.2,reactive,True,True,box,True,2441304.3396066884,8.0,9.0,38.0,0.0,0.4208088375040826,0.050031315541660557,i_short,
ieee39,0.4,0.8,1.2,0.35,0.06,0.2,reactive,True,True,current,True,2433092.2642430207,3.0,4.0,38.0,0.0,0.5101630282319819,0.05,i_short,
ieee39,0.4,0.8,1.5,0.35,0.06,0.2,reactive,True,True,box,True,2441304.3396066884,8.0,9.0,38.0,0.0,0.4208088375040826,0.050031315541660557,i_short,
ieee39,0.4,0.8,1.5,0.35,0.06,0.2,reactive,True,True,current,True,2433092.2642430216,3.0,4.0,38.0,0.0,0.5433464651588172,0.05,i_short,
rts24,0.2,0.8,1.0,0.35,0.06,0.2,reactive,True,True,box,True,1495570.1630177037,8.0,9.0,38.0,0.0,0.1956727683537023,0.05000730297951353,i_short,
rts24,0.2,0.8,1.0,0.35,0.06,0.2,reactive,True,True,current,True,1492591.084161372,8.0,9.0,38.0,0.0,0.21700647223392658,0.050013599179283254,i_short,
rts24,0.2,0.8,1.2,0.35,0.06,0.2,reactive,True,True,box,True,1495570.1630177037,8.0,9.0,38.0,0.0,0.1956727683537023,0.05000730297951353,i_short,
rts24,0.2,0.8,1.2,0.35,0.06,0.2,reactive,True,True,current,True,1485465.5464575384,3.007454404192646,6.606613017467898,38.0,0.0,0.5176239069482256,0.05004549366799701,i_short,
rts24,0.2,0.8,1.5,0.35,0.06,0.2,reactive,True,True,box,True,1495570.1630177037,8.0,9.0,38.0,0.0,0.1956727683537023,0.05000730297951353,i_short,
rts24,0.2,0.8,1.5,0.35,0.06,0.2,reactive,True,True,current,True,1485458.586423073,3.002981761677058,6.606615559406147,38.0,0.0,0.4102934182339185,0.05566643146498059,i_short,
rts24,0.4,0.8,1.0,0.35,0.06,0.2,reactive,True,True,box,True,867644.6074672171,6.75,7.75,31.58695290858726,0.0,0.4119709943080001,0.05,i_short,
rts24,0.4,0.8,1.0,0.35,0.06,0.2,reactive,True,True,current,True,864351.388320202,6.75,7.75,31.58695290858726,0.0,0.43494196672749935,0.05,i_short,
rts24,0.4,0.8,1.2,0.35,0.06,0.2,reactive,True,True,box,True,867644.6074672171,6.75,7.75,31.58695290858726,0.0,0.4119709943080001,0.05,i_short,
rts24,0.4,0.8,1.2,0.35,0.06,0.2,reactive,True,True,current,True,858231.6155178216,3.0,4.0,31.903157894736847,0.0,0.4880012898628871,0.05,i_short,
rts24,0.4,0.8,1.5,0.35,0.06,0.2,reactive,True,True,box,True,867644.6074672171,6.75,7.75,31.58695290858726,0.0,0.4119709943080001,0.05,i_short,
rts24,0.4,0.8,1.5,0.35,0.06,0.2,reactive,True,True,current,True,858231.6155178216,3.0,4.0,31.903157894736847,0.0,0.46582309923567444,0.05,i_short,
ieee39,0.2,0.8,1.0,0.35,0.15,0.2,reactive,True,True,box,True,3479583.4191059917,8.463708135069423,9.463708135069423,38.46086283422846,0.00011706542695893336,0.4895504253736913,0.050031644192027575,reactive_scarce,
ieee39,0.2,0.8,1.0,0.35,0.15,0.2,reactive,True,True,current,True,3473831.737209568,8.0,9.0,38.0,0.0,0.6667544067043387,0.0500394830169524,reactive_scarce,
ieee39,0.2,0.8,1.0,0.5,0.15,0.2,reactive,True,True,box,True,3479602.3149932474,8.463708135069423,9.463708135069423,38.46086283422846,0.00011706608488178198,0.4895504253737683,0.050031644192027575,reactive_scarce,
ieee39,0.2,0.8,1.0,0.5,0.15,0.2,reactive,True,True,current,True,3474962.362405091,8.463708135069423,9.463708135069423,38.46086283422846,0.00011691003850891472,0.6464492558227483,0.0500394830169524,reactive_scarce,
ieee39,0.2,0.8,1.0,0.65,0.15,0.2,reactive,True,True,box,True,3479621.2108805026,8.463708135069423,9.463708135069423,38.46086283422846,0.0001170667272310745,0.4895504253738434,0.050031644192027575,reactive_scarce,
ieee39,0.2,0.8,1.0,0.65,0.15,0.2,reactive,True,True,current,True,3477524.9907276216,8.463708135069423,9.463708135069423,38.46086283422846,0.0001169961703435073,0.541963609340489,0.05003476285077164,reactive_scarce,
ieee39,0.4,0.8,1.0,0.35,0.15,0.2,reactive,True,True,box,True,2538296.641561885,8.463708135069423,9.463708135069423,38.46086283422846,8.539724934715251e-05,0.4811250735068714,0.050031315541660557,reactive_scarce,
ieee39,0.4,0.8,1.0,0.35,0.15,0.2,reactive,True,True,current,True,2539840.8206054764,8.463708135069425,9.463708135069423,38.46086283422846,8.544928343488835e-05,0.5014330531373852,0.0500202052059267,reactive_scarce,
ieee39,0.4,0.8,1.0,0.5,0.15,0.2,reactive,True,True,box,True,2538335.967121092,8.463708135069423,9.463708135069423,38.46086283422846,8.539854944815566e-05,0.4811250735069626,0.050031315541660557,reactive_scarce,
ieee39,0.4,0.8,1.0,0.5,0.15,0.2,reactive,True,True,current,True,2544466.321788651,8.463708135069425,9.463708135069425,38.46086283422846,8.56049084951623e-05,0.4311270575118423,0.050011278698923085,reactive_scarce,
ieee39,0.4,0.8,1.0,0.65,0.15,0.2,reactive,True,True,box,True,2538375.2926803003,8.463708135069423,9.463708135069423,38.46086283422846,8.539988136215341e-05,0.48112507350705613,0.050031315541660557,reactive_scarce,
ieee39,0.4,0.8,1.0,0.65,0.15,0.2,reactive,True,True,current,True,2552844.728937292,8.463708135069425,9.463708135069425,38.46086283422846,9.837373894663014e-05,0.3301625317888176,0.05,reactive_scarce,
rts24,0.2,0.8,1.0,0.35,0.15,0.2,reactive,True,True,box,True,1539825.0453034188,8.0,9.0,38.0,0.0,0.19567275095306,0.05000730297951353,reactive_scarce,
rts24,0.2,0.8,1.0,0.35,0.15,0.2,reactive,True,True,current,True,1536845.9664470875,8.0,9.0,38.0,0.0,0.21811976017084175,0.050013599179283254,reactive_scarce,
rts24,0.2,0.8,1.0,0.5,0.15,0.2,reactive,True,True,box,True,1539833.5569636894,8.0,9.0,38.0,0.0,0.19607171956380628,0.05000730297951353,reactive_scarce,
rts24,0.2,0.8,1.0,0.5,0.15,0.2,reactive,True,True,current,True,1537301.549048958,8.000000000000002,9.0,38.0,0.0,0.20893169686596993,0.050013599179283254,reactive_scarce,
rts24,0.2,0.8,1.0,0.65,0.15,0.2,reactive,True,True,box,True,1539842.06862396,8.0,9.0,38.0,0.0,0.1960717195606024,0.05000730297951353,reactive_scarce,
rts24,0.2,0.8,1.0,0.65,0.15,0.2,reactive,True,True,current,True,1538319.9233216816,8.0,9.0,38.0,0.0,0.20691444224625213,0.0500027092090014,reactive_scarce,
rts24,0.4,0.8,1.0,0.35,0.15,0.2,reactive,True,True,box,True,922059.213973688,24.14867909524651,25.14867909524651,30.519866071174093,0.0007924403348340547,0.4567456472202576,0.050010977979499965,reactive_scarce,
rts24,0.4,0.8,1.0,0.35,0.15,0.2,reactive,True,True,current,True,906432.219347763,15.918355971736299,16.9183559717363,30.58309665912053,0.0,0.49520115401167886,0.050019689949379206,reactive_scarce,
rts24,0.4,0.8,1.0,0.5,0.15,0.2,reactive,True,True,box,True,922075.892226921,24.14867909524651,25.14867909524651,30.519866071174093,0.0007924544417363677,0.456745647219021,0.050010977979499965,reactive_scarce,
rts24,0.4,0.8,1.0,0.5,0.15,0.2,reactive,True,True,current,True,910022.3826608749,20.04150943396227,21.04150943396227,28.95323676202069,0.0006958560515855083,0.47075364893386795,0.050013599179283254,reactive_scarce,
rts24,0.4,0.8,1.0,0.65,0.15,0.2,reactive,True,True,box,True,922092.5704801541,24.14867909524651,25.14867909524651,30.519866071174093,0.0007924689488731929,0.45674564721774913,0.050010977979499965,reactive_scarce,
rts24,0.4,0.8,1.0,0.65,0.15,0.2,reactive,True,True,current,True,918579.3765653408,21.312611717974182,22.312611717974182,28.953236762020694,0.0007024006708107322,0.46929485791709624,0.050003753640621096,reactive_scarce,
ieee39,0.2,0.8,1.5,0.35,0.06,0.0,reactive,True,True,current,True,3351102.9118011324,3.0,4.0,38.0,0.0,1.0,0.05,threshold,
ieee39,0.2,0.8,1.5,0.35,0.06,0.1,reactive,True,True,current,True,3351102.911801133,3.0,4.0,38.0,0.0,0.7830538785097807,0.05,threshold,
ieee39,0.2,0.8,1.5,0.35,0.06,0.2,reactive,True,True,current,True,3351102.911801133,3.0,4.0,38.0,0.0,0.7054624039477048,0.05,threshold,
ieee39,0.2,0.8,1.5,0.35,0.06,0.3,reactive,True,True,current,True,3351102.911801133,3.0,4.0,38.0,0.0,0.6899441090352895,0.05,threshold,
ieee39,0.4,0.8,1.5,0.35,0.06,0.0,reactive,True,True,current,True,2433092.2642430216,3.0,4.0,38.0,0.0,1.0,0.05,threshold,
ieee39,0.4,0.8,1.5,0.35,0.06,0.1,reactive,True,True,current,True,2433092.2642430216,3.0,4.0,38.0,0.0,0.6419428108159673,0.05,threshold,
ieee39,0.4,0.8,1.5,0.35,0.06,0.2,reactive,True,True,current,True,2433092.2642430216,3.0,4.0,38.0,0.0,0.5433464651588172,0.05,threshold,
ieee39,0.4,0.8,1.5,0.35,0.06,0.3,reactive,True,True,current,True,2433092.2642430216,3.0,4.0,38.0,0.0,0.5060078790952904,0.05,threshold,
rts24,0.2,0.8,1.5,0.35,0.06,0.0,reactive,True,True,current,True,1485458.312724249,3.000001603057351,6.60809576023392,38.0,0.0,1.0,0.05385279830186664,threshold,
rts24,0.2,0.8,1.5,0.35,0.06,0.1,reactive,True,True,current,True,1485458.3131096011,3.0000024366471734,6.60809576023392,38.0,0.0,0.5550559957978746,0.05011849902332325,threshold,
rts24,0.2,0.8,1.5,0.35,0.06,0.2,reactive,True,True,current,True,1485458.586423073,3.002981761677058,6.606615559406147,38.0,0.0,0.4102934182339185,0.05566643146498059,threshold,
rts24,0.2,0.8,1.5,0.35,0.06,0.3,reactive,True,True,current,True,1485461.6789262502,3.004969602795097,6.60661386459311,38.0,0.0,0.3493762744192997,0.05015257538563006,threshold,
rts24,0.4,0.8,1.5,0.35,0.06,0.0,reactive,True,True,current,True,858231.6155178216,3.0,4.0,31.903157894736847,0.0,1.0,0.05,threshold,
rts24,0.4,0.8,1.5,0.35,0.06,0.1,reactive,True,True,current,True,858231.6155178216,3.0,4.0,31.903157894736847,0.0,0.5878025737898454,0.05,threshold,
rts24,0.4,0.8,1.5,0.35,0.06,0.2,reactive,True,True,current,True,858231.6155178216,3.0,4.0,31.903157894736847,0.0,0.46582309923567444,0.05,threshold,
rts24,0.4,0.8,1.5,0.35,0.06,0.3,reactive,True,True,current,True,858231.6155178216,3.0,4.0,31.903157894736847,0.0,0.43489512577311756,0.05,threshold,
ieee39,0.2,0.8,1.5,0.35,0.06,0.2,reactive,False,False,box,True,3383480.721907577,8.0,9.0,38.0,0.0,0.5611002073514514,0.050031644192027575,network,"single bus, global Q"
ieee39,0.2,0.8,1.5,0.35,0.06,0.2,reactive,False,False,current,True,3351150.5810356885,3.0,4.0,38.0,0.0,0.7115830622361526,0.08147800862500945,network,"single bus, global Q"
ieee39,0.2,0.8,1.5,0.35,0.06,0.2,reactive,True,False,box,True,3383480.721907579,8.0,9.0,38.0,0.0,0.5611002073514514,0.050031644192027575,network,"dc branches, global Q"
ieee39,0.2,0.8,1.5,0.35,0.06,0.2,reactive,True,False,current,True,3351150.5810356885,3.0,4.000000000000001,38.0,0.0,0.7087954483274421,0.08051701022148228,network,"dc branches, global Q"
ieee39,0.2,0.8,1.5,0.35,0.06,0.2,reactive,True,True,box,True,3383433.0526730237,8.0,9.0,38.0,0.0,0.5611002073514514,0.050031644192027575,network,"dc branches, zonal Q"
ieee39,0.2,0.8,1.5,0.35,0.06,0.2,reactive,True,True,current,True,3351102.911801133,3.0,4.0,38.0,0.0,0.7054624039477048,0.05,network,"dc branches, zonal Q"
ieee39,0.4,0.8,1.5,0.35,0.06,0.2,reactive,False,False,box,True,2441304.339606688,8.0,9.0,38.0,0.0,0.42613143618409294,0.050031315541660557,network,"single bus, global Q"
ieee39,0.4,0.8,1.5,0.35,0.06,0.2,reactive,False,False,current,True,2433092.264243021,3.0,4.0,38.0,0.0,0.561813940673795,0.05,network,"single bus, global Q"
ieee39,0.4,0.8,1.5,0.35,0.06,0.2,reactive,True,False,box,True,2441304.3396066884,8.0,9.0,38.0,0.0,0.4208088375040826,0.050031315541660557,network,"dc branches, global Q"
ieee39,0.4,0.8,1.5,0.35,0.06,0.2,reactive,True,False,current,True,2433092.264243021,2.9999999999999982,3.9999999999999982,38.0,0.0,0.5594513273449578,0.05,network,"dc branches, global Q"
ieee39,0.4,0.8,1.5,0.35,0.06,0.2,reactive,True,True,box,True,2441304.3396066884,8.0,9.0,38.0,0.0,0.4208088375040826,0.050031315541660557,network,"dc branches, zonal Q"
ieee39,0.4,0.8,1.5,0.35,0.06,0.2,reactive,True,True,current,True,2433092.2642430216,3.0,4.0,38.0,0.0,0.5433464651588172,0.05,network,"dc branches, zonal Q"
rts24,0.2,0.8,1.5,0.35,0.06,0.2,reactive,False,False,box,True,1495589.218401282,8.0,9.0,38.0,0.0,0.20281104580534146,0.05000730297951353,network,"single bus, global Q"
rts24,0.2,0.8,1.5,0.35,0.06,0.2,reactive,False,False,current,True,1486717.109838725,3.033014019195166,7.826322903180279,38.0,0.0,0.3777494348709952,0.05243828810125502,network,"single bus, global Q"
rts24,0.2,0.8,1.5,0.35,0.06,0.2,reactive,True,False,box,True,1495589.2184012826,8.0,9.0,38.0,0.0,0.19507676036292657,0.05000730297951353,network,"dc branches, global Q"
rts24,0.2,0.8,1.5,0.35,0.06,0.2,reactive,True,False,current,True,1486717.1098387253,3.033014019195166,7.826322903180279,38.0,0.0,0.3777494348707997,0.05243828810125502,network,"dc branches, global Q"
rts24,0.2,0.8,1.5,0.35,0.06,0.2,reactive,True,True,box,True,1495570.1630177037,8.0,9.0,38.0,0.0,0.1956727683537023,0.05000730297951353,network,"dc branches, zonal Q"
rts24,0.2,0.8,1.5,0.35,0.06,0.2,reactive,True,True,current,True,1485458.586423073,3.002981761677058,6.606615559406147,38.0,0.0,0.4102934182339185,0.05566643146498059,network,"dc branches, zonal Q"
rts24,0.4,0.8,1.5,0.35,0.06,0.2,reactive,False,False,box,True,859135.2820246881,6.75,7.75,31.2116795451232,0.0,0.44121999073013873,0.05,network,"single bus, global Q"
rts24,0.4,0.8,1.5,0.35,0.06,0.2,reactive,False,False,current,True,848194.6586019562,3.0,4.0,31.471024930747927,0.0,0.48301866641607377,0.05,network,"single bus, global Q"
rts24,0.4,0.8,1.5,0.35,0.06,0.2,reactive,True,False,box,True,867644.6074672171,6.75,7.75,31.58695290858726,0.0,0.4119709943080001,0.05,network,"dc branches, global Q"
rts24,0.4,0.8,1.5,0.35,0.06,0.2,reactive,True,False,current,True,858231.6155178216,3.0,4.0,31.903157894736847,0.0,0.4566159516850823,0.05,network,"dc branches, global Q"
rts24,0.4,0.8,1.5,0.35,0.06,0.2,reactive,True,True,box,True,867644.6074672171,6.75,7.75,31.58695290858726,0.0,0.4119709943080001,0.05,network,"dc branches, zonal Q"
rts24,0.4,0.8,1.5,0.35,0.06,0.2,reactive,True,True,current,True,858231.6155178216,3.0,4.0,31.903157894736847,0.0,0.46582309923567444,0.05,network,"dc branches, zonal Q"
