case,share,dispatch,form,derating,feasible,cost,price_inertia,price_reserve,curtailed_mwh
ieee39,0.2,0.4,box,1.0042086604442448,True,4000215.102471524,3.0,4.0,0.0
ieee39,0.2,0.4,apparent,1.0042086604442448,True,4000215.1024715235,3.0,4.0,0.0
ieee39,0.2,0.4,derated,1.0042086604442448,True,4000215.102471524,3.0,4.0,0.0
ieee39,0.2,0.4,current,1.0042086604442448,True,4000215.1024715235,3.0,4.0,0.0
ieee39,0.2,0.6,box,1.0042086604442448,True,3675659.0071363286,3.0,4.0,0.0
ieee39,0.2,0.6,apparent,1.0042086604442448,True,3675659.007136328,3.000000000000002,4.000000000000003,0.0
ieee39,0.2,0.6,derated,1.0042086604442448,True,3675659.007136328,2.9999999999999964,3.9999999999999964,0.0
ieee39,0.2,0.6,current,1.0042086604442448,True,3675659.0071363286,3.0,4.0,0.0
ieee39,0.2,0.8,box,1.0042086604442448,True,3383433.0526730237,8.0,9.0,0.0
ieee39,0.2,0.8,apparent,1.0042086604442448,True,3385259.7779280012,8.0,9.0,0.0
ieee39,0.2,0.8,derated,1.0042086604442448,True,3382534.4037254076,8.0,9.0,0.0
ieee39,0.2,0.8,current,1.0042086604442448,True,3351102.911801133,3.0,4.0,0.0
ieee39,0.2,1.0,box,1.0042086604442448,True,3362758.603684636,41.0,9.0,7914.451423048438
ieee39,0.2,1.0,apparent,1.0042086604442448,True,3376641.7156224735,41.0,9.0,8279.796474044151
ieee39,0.2,1.0,derated,1.0042086604442448,True,3355928.8716827566,41.0,9.0,7734.721633525307
ieee39,0.2,1.0,current,1.0042086604442448,True,3059995.754404552,3.0,9.0,253.23458219153073
ieee39,0.4,0.4,box,0.9235700365183236,True,3620375.6160439146,3.0,4.0,0.0
ieee39,0.4,0.4,apparent,0.9235700365183236,True,3620375.6160439146,3.0,4.0,0.0
ieee39,0.4,0.4,derated,0.9235700365183236,True,3620383.6918524127,3.0,4.0,0.0
ieee39,0.4,0.4,current,0.9235700365183236,True,3620375.6160439146,3.0,4.0,0.0
ieee39,0.4,0.6,box,0.9235700365183236,True,3015490.980595743,3.0,4.0,0.0
ieee39,0.4,0.6,apparent,0.9235700365183236,True,3015490.9805957433,3.0,4.0,0.0
ieee39,0.4,0.6,derated,0.9235700365183236,True,3015666.742657823,3.580324779455704,4.580324779455704,0.0
ieee39,0.4,0.6,current,0.9235700365183236,True,3015490.9805957433,3.0,4.0,0.0
ieee39,0.4,0.8,box,0.9235700365183236,True,2441304.3396066884,8.0,9.0,0.0
ieee39,0.4,0.8,apparent,0.9235700365183236,True,2447976.315127408,8.0,9.0,0.0
ieee39,0.4,0.8,derated,0.9235700365183236,True,2483800.703791726,41.0,9.0,401.2054317328275
ieee39,0.4,0.8,current,0.9235700365183236,True,2433092.2642430216,3.0,4.0,0.0
ieee39,0.4,1.0,box,0.9235700365183236,True,2261450.658264033,41.0,9.0,9861.467100021695
ieee39,0.4,1.0,apparent,0.9235700365183236,True,2312157.6722215055,41.00000000000001,9.0,11195.862204165696
ieee39,0.4,1.0,derated,0.9235700365183236,True,2483800.7037917264,41.0,8.999999999999979,15712.784087592583
ieee39,0.4,1.0,current,0.9235700365183236,True,1925093.8587452474,3.0,7.125,1163.758763327536
rts24,0.2,0.4,box,1.0153147245691456,True,1667178.9347118463,3.0,4.0,0.0
rts24,0.2,0.4,apparent,1.0153147245691456,True,1667178.9347118465,3.0,4.0,0.0
rts24,0.2,0.4,derated,1.0153147245691456,True,1667178.9347118472,3.0,4.0,0.0
rts24,0.2,0.4,current,1.0153147245691456,True,1667178.9347118463,3.0,4.0,0.0
rts24,0.2,0.6,box,1.0153147245691456,True,1573834.4537955008,8.0,9.0,0.0
rts24,0.2,0.6,apparent,1.0153147245691456,True,1574657.971922659,8.0,9.0,0.0
rts24,0.2,0.6,derated,1.0153147245691456,True,1572449.0025931834,6.750213740980072,7.942366882117516,0.0
rts24,0.2,0.6,current,1.0153147245691456,True,1571136.5979692212,3.0,4.0,0.0
rts24,0.2,0.8,box,1.0153147245691456,True,1495570.1630177037,8.0,9.0,0.0
rts24,0.2,0.8,apparent,1.0153147245691456,True,1496393.6811448617,8.0,9.0,0.0
rts24,0.2,0.8,derated,1.0153147245691456,True,1494103.004482273,8.0,9.0,0.0
rts24,0.2,0.8,current,1.0153147245691456,True,1485458.586423073,3.002981761677058,6.606615559406147,0.0
rts24,0.2,1.0,box,1.0153147245691456,True,1441430.5455058748,41.0,9.0,929.4119139710093
rts24,0.2,1.0,apparent,1.0153147245691456,True,1447689.283272276,41.0,9.0,1176.0045334765073
rts24,0.2,1.0,derated,1.0153147245691456,True,1433826.6332928091,8.0,9.0,0.0002751784855741235
rts24,0.2,1.0,current,1.0153147245691456,True,1424529.7873790518,3.0,9.0,0.0002733945005291005
rts24,0.4,0.4,box,0.9719965271701945,True,1194001.2900594505,3.0,4.0,0.0
rts24,0.4,0.4,apparent,0.9719965271701945,True,1194001.290059451,3.0,4.0,0.0
rts24,0.4,0.4,derated,0.9719965271701945,True,1194001.2900594503,3.0,4.0,0.0
rts24,0.4,0.4,current,0.9719965271701945,True,1194001.2900594505,3.0,4.0,0.0
rts24,0.4,0.6,box,0.9719965271701945,True,995587.2476144802,3.0,4.0,0.0
rts24,0.4,0.6,apparent,0.9719965271701945,True,996229.304499719,6.749999999999999,7.749999999999999,0.0
rts24,0.4,0.6,derated,0.9719965271701945,True,998581.3673502352,6.75,7.75,0.0
rts24,0.4,0.6,current,0.9719965271701945,True,995587.2476144802,3.0,4.0,0.0
rts24,0.4,0.8,box,0.9719965271701945,True,867644.6074672171,6.75,7.75,0.0
rts24,0.4,0.8,apparent,0.9719965271701945,True,869505.190757662,6.75,7.75,0.0
rts24,0.4,0.8,derated,0.9719965271701945,True,873010.8439871083,17.383926733895866,7.75,0.0
rts24,0.4,0.8,current,0.9719965271701945,True,858231.6155178216,3.0,4.0,0.0
rts24,0.4,1.0,box,0.9719965271701945,True,821770.4281150796,23.25,7.75,5248.635101381056
rts24,0.4,1.0,apparent,0.9719965271701945,True,833383.9984216584,31.5,7.75,5648.4785804029325
rts24,0.4,1.0,derated,0.9719965271701945,True,851259.6760855819,31.5,7.75,6118.891150506186
rts24,0.4,1.0,current,0.9719965271701945,True,805955.0017573131,3.0,4.0,5113.7058320737615
