case,share,dispatch,form,feasible,i_before,i_after,most_negative_p_mw,gamma,kappa
ieee39,0.2,0.0,current,True,0.9134157295556613,0.7084965335179653,-485.0121947941821,,
ieee39,0.2,0.0,derated,True,0.904817167087408,0.6165238936319204,-485.0121947941821,1.0042086604442448,0.12773510202280153
ieee39,0.2,0.0,apparent,True,0.9134157295556613,0.7084965335179653,-485.0121947941821,,
ieee39,0.2,0.0,box,True,0.9134157295556613,0.6545158452499299,-485.0121947941821,,
ieee39,0.2,0.8,current,True,0.8365294805979836,0.9978119955209576,-80.20341282333726,,
ieee39,0.2,0.8,derated,True,0.7866806193560586,0.8232532966577681,111.96251938666182,1.0042086604442448,0.12773510202280153
ieee39,0.2,0.8,apparent,True,0.7866806193560586,0.7866806193560586,244.67947615624445,,
ieee39,0.2,0.8,box,True,0.7866806193560586,0.7866806193560586,138.12050294916173,,
ieee39,0.4,0.0,current,False,,,,,
ieee39,0.4,0.0,derated,False,,,,,
ieee39,0.4,0.0,apparent,False,,,,,
ieee39,0.4,0.0,box,False,,,,,
ieee39,0.4,0.8,current,True,0.8826883469602707,0.9978119955209576,-80.20341282333726,,
ieee39,0.4,0.8,derated,True,0.8826883469602707,0.8826883469602707,197.1849573456896,0.9235700365183236,0.3336800677977969
ieee39,0.4,0.8,apparent,True,0.8826883469602707,0.9702675937135988,61.054610338018165,,
ieee39,0.4,0.8,box,True,0.8826883469602707,0.9791203418383535,104.21268897066699,,
rts24,0.2,0.0,current,True,0.9918894697009454,0.9983381073021053,-20.0,,
rts24,0.2,0.0,derated,True,0.915883408715095,0.9893719806763287,-20.0,1.0153147245691456,0.13308647592103093
rts24,0.2,0.0,apparent,True,0.970730905410488,0.970730905410488,-20.0,,
rts24,0.2,0.0,box,True,1.3101960805662833,1.3101960805662833,-20.0,,
rts24,0.2,0.8,current,True,0.9171878000947642,1.0000000000000002,-1.2668737080010075,,
rts24,0.2,0.8,derated,True,0.915883408715095,0.9893719806763287,-1.2668737080010075,1.0153147245691456,0.13308647592103093
rts24,0.2,0.8,apparent,True,0.9155491483833682,0.9661835748792276,-1.2668737080010075,,
rts24,0.2,0.8,box,True,1.2962712913042262,1.3663899153363233,-1.2668737080010075,,
rts24,0.4,0.0,current,True,0.9918894697009454,0.9348579968334139,-50.0,,
rts24,0.4,0.0,derated,True,0.950771739209423,0.950771739209423,-50.0,0.9719965271701945,0.29918514530150203
rts24,0.4,0.0,apparent,True,0.970730905410488,0.9707309054104877,-50.0,,
rts24,0.4,0.0,box,True,1.3101960805662833,0.9819896160517618,-50.0,,
rts24,0.4,0.8,current,True,0.9451217750638532,1.0000000000000002,-2.1114561800016816,,
rts24,0.4,0.8,derated,True,0.950771739209423,0.950771739209423,-2.1114561800016816,0.9719965271701945,0.29918514530150203
rts24,0.4,0.8,apparent,True,0.9155491483833682,0.9765624999999999,-2.1114561800016816,,
rts24,0.4,0.8,box,True,1.2962712913042262,1.3810679320049755,-2.1114561800016816,,
