case,share,form,period,hour,reserve_lo_mw,reserve_hi_mw,demand_mw,inertia_mw,reserve_mw,reactive_mvar,curtailed_mw,discharge_mw,charge_mw,synchronous_mw,mean_soc,mean_availability
rts24,0.4,box,0,0.0,112.0730850142255,112.073215160784,1867.8857142857144,181.29304926927972,112.07314285714286,133.04589473684211,0.0,92.36436653567583,162.96078329466863,601.3,0.2577401070987678,0.2868256278606099
rts24,0.4,box,1,3.0,105.84679929994218,105.84692944652608,1764.114285714286,181.29304926927972,105.84685714285717,125.6544561403509,0.0,0.0,174.36784533042106,601.3,0.5259887855870526,0.286824650269603
rts24,0.4,box,2,6.0,21.49135631138362,81.49150863976452,2075.4285714285716,181.29304926927978,21.491414154303644,147.8287719298246,0.0,145.36919136786221,13.858122030269229,606.735371046271,0.45915670413875376,0.48181566153458066
rts24,0.4,box,3,9.0,4.423687138472319,64.42383946682907,2464.571428571429,181.29304926927972,4.423744981371392,175.54666666666662,0.0,148.57873851052565,0.0,978.8105590161961,0.38736151670888197,0.4000633860583246
rts24,0.4,box,4,12.0,0.0,58.734616409175416,2594.285714285714,181.29304926927975,30.34967332061799,184.7859649122807,0.0,154.2679615681698,31.615151396890756,1134.450773069728,0.3888557170915801,0.4000612475646148
rts24,0.4,box,5,15.0,2.1479979154063282,62.14815024375536,2516.457142857143,181.2930492692797,62.148055758313724,179.24238596491227,0.0,150.85442773358332,60.0,1088.4205840788527,0.4588418909596901,0.4000612475646148
rts24,0.4,box,6,18.0,0.0,53.045393351583314,2724.0,181.2930492692797,53.04529886608314,194.02526315789476,0.0,159.9571846258139,60.0,1286.8606843294788,0.5259535100197271,0.48005735264220756
rts24,0.4,box,7,21.0,15.802133253738074,75.80228558211402,2205.1428571428573,181.29304926927972,75.80219109665956,157.0680701754386,0.0,145.36919136786221,68.16889897262476,790.7604337029127,0.6,0.560058780969445
rts24,0.4,current,0,0.0,112.07308564177643,112.07321437638991,1867.8857142857144,181.29304926927972,112.07314285714284,133.04589473684211,0.0,92.36440122785066,162.96081798684347,601.3,0.2577401346242697,0.3849342308284646
rts24,0.4,current,1,3.0,105.84679992750065,105.84692866205216,1764.114285714286,181.29304926927975,105.84685714285716,125.6544561403509,0.0,0.0,174.36784533042106,601.3,0.5259888131125545,0.3793188590354129
rts24,0.4,current,2,6.0,124.52565707035768,124.52578580492207,2075.4285714285716,181.29304926927972,124.52571428571429,147.8287719298246,0.0,145.36919136786221,13.858122030268873,606.735371046271,0.4591567316642557,0.5062989959027011
rts24,0.4,current,3,9.0,147.87422849893846,147.8743572334942,2464.571428571429,181.29304926928071,147.87428571428572,175.54666666666665,0.0,148.57873851052565,0.0,978.8105590161961,0.3873615442343838,0.4548103286114016
rts24,0.4,current,4,12.0,155.65708564178345,155.65721437635182,2594.285714285714,181.2930492692797,155.6571428571428,184.7859649122807,0.0,154.2679615681698,31.61513980720582,1134.450761480043,0.38885571709158023,0.4513776785321328
rts24,0.4,current,5,15.0,150.9873713560638,150.9875000906397,2516.457142857143,181.29304926927972,150.98742857142858,179.24238596491227,0.0,150.85442773358332,60.0,1088.4205840788522,0.45884189095969014,0.4528572581052475
rts24,0.4,current,6,18.0,163.4399427846025,163.4400715192044,2724.0,181.29304926927966,163.44,194.02526315789476,0.0,159.9571846258139,60.0,1286.8606843294788,0.5259535100197272,0.5105812490801067
rts24,0.4,current,7,21.0,132.30851421320313,132.30864294778473,2205.1428571428573,181.29304926927972,132.30857142857147,157.0680701754386,0.0,145.36919136786221,68.16889897262476,790.7604337029126,0.6,0.5864061937899283
