x_grid,h_sched,delivered,clipped,error
0.05,0.1,0.09999999999493711,False,-5.06289454804687e-12
0.05,0.25,0.2500025746572989,False,2.5746572989149286e-06
0.05,0.4,0.39995073875130505,False,-4.926124869497617e-05
0.15,0.1,0.09999999999671569,False,-3.2843172625973693e-12
0.15,0.25,0.2499970850697367,False,-2.9149302633035834e-06
0.15,0.4,0.40008775857089796,False,8.775857089793337e-05
0.3,0.1,0.10000000000026918,False,2.691735723203692e-13
0.3,0.25,0.25000100886082044,False,1.0088608204394944e-06
0.3,0.4,0.39996760392397523,False,-3.239607602478767e-05
