case,share,placement,draw,n_converters,actual_share,feasible,cost_box,cost_set,price_box,price_set,delta_pct
ieee39,0.2,smallest-first,-1,3,0.22540239975229595,True,3383433.0526730237,3351102.911801133,8.0,3.0,0.9555425027945785
ieee39,0.2,random,2,2,0.20620378728053387,True,3481127.7359427908,3424737.373309648,41.0,3.0,1.61988777518589
ieee39,0.2,random,3,2,0.22394626927038605,True,3336105.957767167,3277824.933098496,41.0,3.0,1.746977626204603
ieee39,0.2,random,4,2,0.2193005710492667,True,3403767.1928704097,3340886.549955466,41.0,3.0,1.847383776618294
ieee39,0.2,random,9,2,0.24382468271988902,True,3237062.2245965246,3203754.181974395,8.000000000000004,3.0,1.0289589853738765
ieee39,0.2,random,11,3,0.24085072987602293,True,3294652.1980687357,3263297.6709837075,8.0,3.0,0.9516794247176551
ieee39,0.2,random,13,2,0.22258202652265807,True,3344499.3590481593,3281266.2776440005,41.0,3.0,1.8906590976939193
ieee39,0.2,random,15,2,0.22258202652265807,True,3344499.3590481593,3281266.2776440005,41.0,3.0,1.8906590976939193
ieee39,0.2,random,17,2,0.23611314392072166,True,3300168.1947004762,3258190.8140350226,41.0,3.0,1.2719770081071122
ieee39,0.2,random,19,3,0.23434473228084352,True,3332041.8720287937,3300276.4694057405,7.9999999999999964,3.0,0.953331435889551
ieee39,0.2,random,22,2,0.24054322724649765,True,3272880.0813525054,3236993.903958711,41.0,3.0,1.0964708911352687
ieee39,0.2,random,23,2,0.24382468271988902,True,3237062.2245965246,3203754.181974395,8.000000000000004,3.0,1.0289589853738765
ieee39,0.2,random,27,2,0.2193005710492667,True,3403767.1928704097,3340886.549955466,41.0,3.0,1.847383776618294
ieee39,0.2,random,30,2,0.2193005710492667,True,3403767.1928704097,3340886.549955466,41.0,3.0,1.847383776618294
ieee39,0.2,random,33,2,0.23288860179893361,True,3285077.7239894783,3246336.1937592933,17.692589875275104,3.0,1.1793185271469424
ieee39,0.2,random,34,2,0.23288860179893361,True,3285077.7239894783,3246336.1937592933,17.692589875275104,3.0,1.1793185271469424
ieee39,0.2,random,37,2,0.24054322724649765,True,3272880.0813525054,3236993.903958711,41.0,3.0,1.0964708911352687
ieee39,0.2,random,39,2,0.2193005710492667,True,3403767.1928704097,3340886.549955466,41.0,3.0,1.847383776618294
ieee39,0.2,random,40,3,0.23570897502857144,True,3324187.321943856,3292508.0758194444,8.0,3.0,0.9529922070061525
ieee39,0.2,random,41,2,0.22066481379699468,True,3395388.100298041,3334831.685222155,41.0,3.0,1.7834902310746312
ieee39,0.2,random,44,3,0.24221497262375088,True,3286797.6479838006,3255529.277397412,8.0,3.0,0.9513323890069564
ieee39,0.2,random,45,3,0.24528081320179893,True,3269240.3787708385,3237004.31414996,8.0,2.9999999999999996,0.9860414312207471
ieee39,0.2,random,46,2,0.22258202652265807,True,3344499.3590481593,3281266.2776440005,41.0,3.0,1.8906590976939193
ieee39,0.2,random,48,2,0.24382468271988902,True,3237062.2245965246,3203754.181974395,8.000000000000004,3.0,1.0289589853738765
ieee39,0.2,random,49,2,0.23611314392072166,True,3300168.1947004762,3258190.8140350226,41.0,3.0,1.2719770081071122
ieee39,0.2,random,50,2,0.21093952704310404,True,3451890.070798324,3401708.699649968,41.00000000000004,3.0,1.453736072677142
ieee39,0.2,random,55,2,0.2193005710492667,True,3403767.1928704097,3340886.549955466,41.0,3.0,1.847383776618294
ieee39,0.2,random,64,2,0.21217195037637415,True,3408680.114623217,3325410.1205857964,41.0,3.0,2.44288085820059
ieee39,0.2,random,66,3,0.22540239975229595,True,3383433.0526730237,3351102.911801133,8.0,3.0,0.9555425027945785
ieee39,0.2,random,67,2,0.22394626927038605,True,3336105.957767167,3277824.933098496,41.0,3.0,1.746977626204603
ieee39,0.2,random,71,2,0.24382468271988902,True,3237062.2245965246,3203754.181974395,8.000000000000004,3.0,1.0289589853738765
ieee39,0.2,random,75,2,0.21093952704310404,True,3451890.070798324,3401708.699649968,41.00000000000004,3.0,1.453736072677142
ieee39,0.2,random,80,3,0.22540239975229595,True,3383433.0526730237,3351102.911801133,8.0,3.0,0.9555425027945785
ieee39,0.2,random,83,2,0.23939459939411303,True,3253688.380923197,3218757.6676562424,7.999999999999996,3.0000000000000004,1.0735727942404725
ieee39,0.2,random,86,2,0.21536961036888003,True,3424631.7391453255,3380224.654951329,40.99999999999996,3.0,1.2966966254035581
ieee39,0.2,random,91,2,0.21093952704310404,True,3451890.070798324,3401708.699649968,41.00000000000004,3.0,1.453736072677142
ieee39,0.2,random,93,2,0.23939459939411303,True,3253688.380923197,3218757.6676562424,7.999999999999996,3.0000000000000004,1.0735727942404725
ieee39,0.2,random,97,2,0.23939459939411303,True,3253688.380923197,3218757.6676562424,7.999999999999996,3.0000000000000004,1.0735727942404725
ieee39,0.2,random,98,2,0.22394626927038605,True,3336105.957767167,3277824.933098496,41.0,3.0,1.746977626204603
ieee39,0.2,random,100,2,0.20889049490298278,True,3467962.257154092,3394242.1027433914,41.0,3.0,2.1257484639177595
ieee39,0.2,random,101,2,0.22258202652265807,True,3344499.3590481593,3281266.2776440005,41.0,3.0,1.8906590976939193
ieee39,0.2,random,102,2,0.24382468271988902,True,3237062.2245965246,3203754.181974395,8.000000000000004,3.0,1.0289589853738765
ieee39,0.2,random,103,2,0.20889049490298278,True,3467962.257154092,3394242.1027433914,41.0,3.0,2.1257484639177595
ieee39,0.2,random,104,2,0.21093952704310404,True,3451890.070798324,3401708.699649968,41.00000000000004,3.0,1.453736072677142
ieee39,0.2,random,105,3,0.24221497262375088,True,3286797.6479838006,3255529.277397412,8.0,3.0,0.9513323890069564
ieee39,0.2,random,108,2,0.24054322724649765,True,3272880.0813525054,3236993.903958711,41.0,3.0,1.0964708911352687
ieee39,0.2,random,111,2,0.24382468271988902,True,3237062.2245965246,3203754.181974395,8.000000000000004,3.0,1.0289589853738765
ieee39,0.2,random,114,2,0.21093952704310404,True,3451890.070798324,3401708.699649968,41.00000000000004,3.0,1.453736072677142
ieee39,0.2,random,116,2,0.24382468271988902,True,3237062.2245965246,3203754.181974395,8.000000000000004,3.0,1.0289589853738765
ieee39,0.2,random,117,2,0.23288860179893361,True,3285077.7239894783,3246336.1937592933,17.692589875275104,3.0,1.1793185271469424
ieee39,0.2,random,121,2,0.20889049490298278,True,3467962.257154092,3394242.1027433914,41.0,3.0,2.1257484639177595
ieee39,0.2,random,122,2,0.22258202652265807,True,3344499.3590481593,3281266.2776440005,41.0,3.0,1.8906590976939193
ieee39,0.2,random,124,2,0.21093952704310404,True,3451890.070798324,3401708.699649968,41.00000000000004,3.0,1.453736072677142
ieee39,0.2,random,128,2,0.23137740415815153,True,3329376.0781499716,3280847.7699731686,41.0,3.0,1.4575796496912592
ieee39,0.2,random,130,2,0.2193005710492667,True,3403767.1928704097,3340886.549955466,41.0,3.0,1.847383776618294
ieee39,0.2,random,133,2,0.2193005710492667,True,3403767.1928704097,3340886.549955466,41.0,3.0,1.847383776618294
ieee39,0.2,random,135,2,0.23611314392072166,True,3300168.1947004762,3258190.8140350226,41.0,3.0,1.2719770081071122
ieee39,0.2,random,136,2,0.23288860179893361,True,3285077.7239894783,3246336.1937592933,17.692589875275104,3.0,1.1793185271469424
ieee39,0.2,random,137,2,0.20889049490298278,True,3467962.257154092,3394242.1027433914,41.0,3.0,2.1257484639177595
ieee39,0.2,random,138,2,0.22960714632554224,True,3340269.6472114814,3291517.715849016,41.0,3.0,1.4595208324922062
ieee39,0.2,random,142,2,0.23137740415815153,True,3329376.0781499716,3280847.7699731686,41.0,3.0,1.4575796496912592
ieee39,0.2,random,146,2,0.20889049490298278,True,3467962.257154092,3394242.1027433914,41.0,3.0,2.1257484639177595
ieee39,0.2,random,149,2,0.2193005710492667,True,3403767.1928704097,3340886.549955466,41.0,3.0,1.847383776618294
ieee39,0.2,random,154,2,0.22066481379699468,True,3395388.100298041,3334831.685222155,41.0,3.0,1.7834902310746312
ieee39,0.2,random,156,3,0.23434473228084352,True,3332041.8720287937,3300276.4694057405,7.9999999999999964,3.0,0.953331435889551
ieee39,0.2,random,157,2,0.24054322724649765,True,3272880.0813525054,3236993.903958711,41.0,3.0,1.0964708911352687
ieee39,0.2,random,159,2,0.23611314392072166,True,3300168.1947004762,3258190.8140350226,41.0,3.0,1.2719770081071122
ieee39,0.2,random,160,3,0.23747923286118078,True,3314061.399470425,3282493.9510570904,8.000000000000002,3.0,0.9525305843271084
ieee39,0.2,random,163,3,0.24085072987602293,True,3294652.1980687357,3263297.6709837075,8.0,3.0,0.9516794247176551
ieee39,0.2,random,164,2,0.24054322724649765,True,3272880.0813525054,3236993.903958711,41.0,3.0,1.0964708911352687
ieee39,0.2,random,165,3,0.23747923286118078,True,3314061.399470425,3282493.9510570904,8.000000000000002,3.0,0.9525305843271084
ieee39,0.2,random,166,2,0.23137740415815153,True,3329376.0781499716,3280847.7699731686,41.0,3.0,1.4575796496912592
ieee39,0.2,random,173,2,0.23137740415815153,True,3329376.0781499716,3280847.7699731686,41.0,3.0,1.4575796496912592
ieee39,0.2,random,174,2,0.23611314392072166,True,3300168.1947004762,3258190.8140350226,41.0,3.0,1.2719770081071122
ieee39,0.2,random,177,3,0.23570897502857144,True,3324187.321943856,3292508.0758194444,8.0,3.0,0.9529922070061525
ieee39,0.2,random,180,3,0.24085072987602293,True,3294652.1980687357,3263297.6709837075,8.0,3.0,0.9516794247176551
ieee39,0.2,random,181,2,0.2193005710492667,True,3403767.1928704097,3340886.549955466,41.0,3.0,1.847383776618294
ieee39,0.2,random,182,2,0.23611314392072166,True,3300168.1947004762,3258190.8140350226,41.0,3.0,1.2719770081071122
ieee39,0.2,random,183,3,0.23747923286118078,True,3314061.399470425,3282493.9510570904,8.000000000000002,3.0,0.9525305843271084
ieee39,0.2,random,184,2,0.23137740415815153,True,3329376.0781499716,3280847.7699731686,41.0,3.0,1.4575796496912592
ieee39,0.2,random,189,2,0.20889049490298278,True,3467962.257154092,3394242.1027433914,41.0,3.0,2.1257484639177595
ieee39,0.2,random,190,2,0.24382468271988902,True,3237062.2245965246,3203754.181974395,8.000000000000004,3.0,1.0289589853738765
ieee39,0.2,random,193,2,0.22394626927038605,True,3336105.957767167,3277824.933098496,41.0,3.0,1.746977626204603
ieee39,0.2,random,195,2,0.22258202652265807,True,3344499.3590481593,3281266.2776440005,41.0,3.0,1.8906590976939193
ieee39,0.2,random,197,2,0.20620378728053387,True,3481127.7359427908,3424737.373309648,41.0,3.0,1.61988777518589
ieee39,0.2,random,198,3,0.24085072987602293,True,3294652.1980687357,3263297.6709837075,8.0,3.0,0.9516794247176551
ieee39,0.2,random,201,2,0.24054322724649765,True,3272880.0813525054,3236993.903958711,41.0,3.0,1.0964708911352687
ieee39,0.2,random,202,3,0.23611499011345277,True,3321915.949555362,3290262.3446433856,8.000000000000005,3.0,0.952871938744065
ieee39,0.2,random,203,2,0.21093952704310404,True,3451890.070798324,3401708.699649968,41.00000000000004,3.0,1.453736072677142
ieee39,0.2,random,205,2,0.22960714632554224,True,3340269.6472114814,3291517.715849016,41.0,3.0,1.4595208324922062
ieee39,0.2,random,206,2,0.23939459939411303,True,3253688.380923197,3218757.6676562424,7.999999999999996,3.0000000000000004,1.0735727942404725
ieee39,0.2,random,208,2,0.22066481379699468,True,3395388.100298041,3334831.685222155,41.0,3.0,1.7834902310746312
ieee39,0.2,random,209,2,0.22960714632554224,True,3340269.6472114814,3291517.715849016,41.0,3.0,1.4595208324922062
ieee39,0.2,random,210,2,0.23288860179893361,True,3285077.7239894783,3246336.1937592933,17.692589875275104,3.0,1.1793185271469424
ieee39,0.2,random,211,2,0.20620378728053387,True,3481127.7359427908,3424737.373309648,41.0,3.0,1.61988777518589
ieee39,0.2,random,213,2,0.23939459939411303,True,3253688.380923197,3218757.6676562424,7.999999999999996,3.0000000000000004,1.0735727942404725
ieee39,0.2,random,216,2,0.23137740415815153,True,3329376.0781499716,3280847.7699731686,41.0,3.0,1.4575796496912592
ieee39,0.2,random,218,2,0.20889049490298278,True,3467962.257154092,3394242.1027433914,41.0,3.0,2.1257484639177595
ieee39,0.2,random,219,2,0.22960714632554224,True,3340269.6472114814,3291517.715849016,41.0,3.0,1.4595208324922062
ieee39,0.2,random,223,2,0.24054322724649765,True,3272880.0813525054,3236993.903958711,41.0,3.0,1.0964708911352687
ieee39,0.2,random,225,2,0.23939459939411303,True,3253688.380923197,3218757.6676562424,7.999999999999996,3.0000000000000004,1.0735727942404725
ieee39,0.2,random,227,3,0.24528081320179893,True,3269240.3787708385,3237004.31414996,8.0,2.9999999999999996,0.9860414312207471
ieee39,0.2,random,229,3,0.24528081320179893,True,3269240.3787708385,3237004.31414996,8.0,2.9999999999999996,0.9860414312207471
ieee39,0.2,random,233,2,0.22960714632554224,True,3340269.6472114814,3291517.715849016,41.0,3.0,1.4595208324922062
ieee39,0.2,random,237,2,0.23288860179893361,True,3285077.7239894783,3246336.1937592933,17.692589875275104,3.0,1.1793185271469424
ieee39,0.2,random,238,2,0.21217195037637415,True,3408680.114623217,3325410.1205857964,41.0,3.0,2.44288085820059
ieee39,0.2,random,240,2,0.21217195037637415,True,3408680.114623217,3325410.1205857964,41.0,3.0,2.44288085820059
ieee39,0.2,random,245,2,0.21217195037637415,True,3408680.114623217,3325410.1205857964,41.0,3.0,2.44288085820059
ieee39,0.2,random,246,2,0.21093952704310404,True,3451890.070798324,3401708.699649968,41.00000000000004,3.0,1.453736072677142
ieee39,0.2,random,247,2,0.21217195037637415,True,3408680.114623217,3325410.1205857964,41.0,3.0,2.44288085820059
ieee39,0.2,random,256,3,0.24528081320179893,True,3269240.3787708385,3237004.31414996,8.0,2.9999999999999996,0.9860414312207471
ieee39,0.2,random,259,2,0.23288860179893361,True,3285077.7239894783,3246336.1937592933,17.692589875275104,3.0,1.1793185271469424
ieee39,0.2,random,262,2,0.22066481379699468,True,3395388.100298041,3334831.685222155,41.0,3.0,1.7834902310746312
ieee39,0.2,random,265,2,0.23939459939411303,True,3253688.380923197,3218757.6676562424,7.999999999999996,3.0000000000000004,1.0735727942404725
ieee39,0.2,random,266,2,0.2193005710492667,True,3403767.1928704097,3340886.549955466,41.0,3.0,1.847383776618294
ieee39,0.2,random,267,2,0.22960714632554224,True,3340269.6472114814,3291517.715849016,41.0,3.0,1.4595208324922062
ieee39,0.2,random,271,2,0.21217195037637415,True,3408680.114623217,3325410.1205857964,41.0,3.0,2.44288085820059
ieee39,0.2,random,272,2,0.22258202652265807,True,3344499.3590481593,3281266.2776440005,41.0,3.0,1.8906590976939193
ieee39,0.2,random,273,2,0.23611314392072166,True,3300168.1947004762,3258190.8140350226,41.0,3.0,1.2719770081071122
ieee39,0.2,random,276,2,0.20889049490298278,True,3467962.257154092,3394242.1027433914,41.0,3.0,2.1257484639177595
ieee39,0.2,random,280,2,0.24382468271988902,True,3237062.2245965246,3203754.181974395,8.000000000000004,3.0,1.0289589853738765
ieee39,0.2,random,282,2,0.20620378728053387,True,3481127.7359427908,3424737.373309648,41.0,3.0,1.61988777518589
ieee39,0.2,random,283,3,0.23434473228084352,True,3332041.8720287937,3300276.4694057405,7.9999999999999964,3.0,0.953331435889551
ieee39,0.2,random,285,2,0.2346588596315429,True,3273767.3142027957,3234633.142812729,18.095890410958912,3.0,1.1953864656259643
ieee39,0.2,random,289,2,0.23939459939411303,True,3253688.380923197,3218757.6676562424,7.999999999999996,3.0000000000000004,1.0735727942404725
ieee39,0.2,random,290,2,0.23939459939411303,True,3253688.380923197,3218757.6676562424,7.999999999999996,3.0000000000000004,1.0735727942404725
ieee39,0.2,random,291,2,0.24054322724649765,True,3272880.0813525054,3236993.903958711,41.0,3.0,1.0964708911352687
ieee39,0.2,random,298,3,0.22540239975229595,True,3383433.0526730237,3351102.911801133,8.0,3.0,0.9555425027945785
ieee39,0.2,random,299,2,0.24382468271988902,True,3237062.2245965246,3203754.181974395,8.000000000000004,3.0,1.0289589853738765
ieee39,0.2,random,302,3,0.24528081320179893,True,3269240.3787708385,3237004.31414996,8.0,2.9999999999999996,0.9860414312207471
ieee39,0.2,random,303,2,0.22258202652265807,True,3344499.3590481593,3281266.2776440005,41.0,3.0,1.8906590976939193
ieee39,0.2,random,307,2,0.2193005710492667,True,3403767.1928704097,3340886.549955466,41.0,3.0,1.847383776618294
ieee39,0.2,random,309,2,0.22066481379699468,True,3395388.100298041,3334831.685222155,41.0,3.0,1.7834902310746312
ieee39,0.2,random,313,2,0.21536961036888003,True,3424631.7391453255,3380224.654951329,40.99999999999996,3.0,1.2966966254035581
ieee39,0.2,random,314,2,0.24382468271988902,True,3237062.2245965246,3203754.181974395,8.000000000000004,3.0,1.0289589853738765
ieee39,0.2,random,315,2,0.23137740415815153,True,3329376.0781499716,3280847.7699731686,41.0,3.0,1.4575796496912592
ieee39,0.2,random,321,2,0.23611314392072166,True,3300168.1947004762,3258190.8140350226,41.0,3.0,1.2719770081071122
ieee39,0.2,random,323,2,0.23288860179893361,True,3285077.7239894783,3246336.1937592933,17.692589875275104,3.0,1.1793185271469424
ieee39,0.2,random,324,3,0.23611499011345277,True,3321915.949555362,3290262.3446433856,8.000000000000005,3.0,0.952871938744065
ieee39,0.2,random,330,2,0.22394626927038605,True,3336105.957767167,3277824.933098496,41.0,3.0,1.746977626204603
ieee39,0.2,random,331,3,0.24221497262375088,True,3286797.6479838006,3255529.277397412,8.0,3.0,0.9513323890069564
ieee39,0.2,random,333,2,0.22960714632554224,True,3340269.6472114814,3291517.715849016,41.0,3.0,1.4595208324922062
ieee39,0.2,random,334,2,0.2193005710492667,True,3403767.1928704097,3340886.549955466,41.0,3.0,1.847383776618294
ieee39,0.2,random,337,2,0.23939459939411303,True,3253688.380923197,3218757.6676562424,7.999999999999996,3.0000000000000004,1.0735727942404725
ieee39,0.2,random,338,2,0.22960714632554224,True,3340269.6472114814,3291517.715849016,41.0,3.0,1.4595208324922062
ieee39,0.2,random,343,2,0.2346588596315429,True,3273767.3142027957,3234633.142812729,18.095890410958912,3.0,1.1953864656259643
ieee39,0.2,random,344,2,0.23939459939411303,True,3253688.380923197,3218757.6676562424,7.999999999999996,3.0000000000000004,1.0735727942404725
ieee39,0.2,random,346,2,0.23288860179893361,True,3285077.7239894783,3246336.1937592933,17.692589875275104,3.0,1.1793185271469424
ieee39,0.2,random,347,2,0.21217195037637415,True,3408680.114623217,3325410.1205857964,41.0,3.0,2.44288085820059
ieee39,0.2,random,348,2,0.22066481379699468,True,3395388.100298041,3334831.685222155,41.0,3.0,1.7834902310746312
ieee39,0.2,random,349,2,0.24382468271988902,True,3237062.2245965246,3203754.181974395,8.000000000000004,3.0,1.0289589853738765
ieee39,0.2,random,350,2,0.22258202652265807,True,3344499.3590481593,3281266.2776440005,41.0,3.0,1.8906590976939193
ieee39,0.2,random,351,3,0.24528081320179893,True,3269240.3787708385,3237004.31414996,8.0,2.9999999999999996,0.9860414312207471
ieee39,0.2,random,358,3,0.23747923286118078,True,3314061.399470425,3282493.9510570904,8.000000000000002,3.0,0.9525305843271084
ieee39,0.2,random,360,2,0.23611314392072166,True,3300168.1947004762,3258190.8140350226,41.0,3.0,1.2719770081071122
ieee39,0.2,random,364,2,0.20620378728053387,True,3481127.7359427908,3424737.373309648,41.0,3.0,1.61988777518589
ieee39,0.2,random,369,2,0.2193005710492667,True,3403767.1928704097,3340886.549955466,41.0,3.0,1.847383776618294
ieee39,0.2,random,370,2,0.2346588596315429,True,3273767.3142027957,3234633.142812729,18.095890410958912,3.0,1.1953864656259643
ieee39,0.2,random,372,3,0.23570897502857144,True,3324187.321943856,3292508.0758194444,8.0,3.0,0.9529922070061525
ieee39,0.2,random,382,2,0.23611314392072166,True,3300168.1947004762,3258190.8140350226,41.0,3.0,1.2719770081071122
ieee39,0.2,random,383,3,0.23747923286118078,True,3314061.399470425,3282493.9510570904,8.000000000000002,3.0,0.9525305843271084
ieee39,0.2,random,384,3,0.23570897502857144,True,3324187.321943856,3292508.0758194444,8.0,3.0,0.9529922070061525
ieee39,0.2,random,385,2,0.21093952704310404,True,3451890.070798324,3401708.699649968,41.00000000000004,3.0,1.453736072677142
ieee39,0.2,random,386,2,0.23288860179893361,True,3285077.7239894783,3246336.1937592933,17.692589875275104,3.0,1.1793185271469424
ieee39,0.2,random,387,2,0.2346588596315429,True,3273767.3142027957,3234633.142812729,18.095890410958912,3.0,1.1953864656259643
ieee39,0.2,random,393,3,0.24221497262375088,True,3286797.6479838006,3255529.277397412,8.0,3.0,0.9513323890069564
ieee39,0.2,random,394,3,0.24221497262375088,True,3286797.6479838006,3255529.277397412,8.0,3.0,0.9513323890069564
ieee39,0.2,random,396,2,0.22066481379699468,True,3395388.100298041,3334831.685222155,41.0,3.0,1.7834902310746312
ieee39,0.2,random,398,3,0.23611499011345277,True,3321915.949555362,3290262.3446433856,8.000000000000005,3.0,0.952871938744065
ieee39,0.2,random,399,2,0.23611314392072166,True,3300168.1947004762,3258190.8140350226,41.0,3.0,1.2719770081071122
ieee39,0.4,smallest-first,-1,5,0.40408463023802427,True,2441304.3396066884,2433092.2642430216,8.0,3.0,0.3363806482640249
ieee39,0.4,random,8,4,0.40055783844978776,True,2453721.712234706,2444099.539736628,7.999999999999996,3.0,0.3921460388152483
ieee39,0.4,random,10,4,0.4192254577322259,True,2345982.8526048,2337218.516517154,8.0,3.0,0.3735890941365882
ieee39,0.4,random,11,5,0.41325045332637034,True,2388628.768822165,2379834.2337495945,8.0,3.0,0.36818341918017083
ieee39,0.4,random,22,5,0.41325045332637034,True,2388628.768822165,2379834.2337495945,8.0,3.0,0.36818341918017083
ieee39,0.4,random,24,4,0.41479176796864375,True,2346626.424181884,2329969.8032548563,8.0,3.0,0.7098113596345005
ieee39,0.4,random,30,5,0.40408463023802427,True,2441304.3396066884,2433092.2642430216,8.0,3.0,0.3363806482640249
ieee39,0.4,random,32,4,0.41365462221852056,True,2356895.6719060885,2344582.1673119734,8.000000000000002,3.0,0.5224458910460298
ieee39,0.4,random,34,5,0.41325045332637034,True,2388628.768822165,2379834.2337495945,8.0,3.0,0.36818341918017083
ieee39,0.4,random,40,4,0.4150942821835167,True,2322992.7427907735,2303030.5576930307,8.000000000000007,3.0,0.8593304976820917
ieee39,0.4,random,43,4,0.4043816918223598,True,2384509.8459084383,2363871.1248507774,7.999999999999999,3.0,0.8655330609380665
ieee39,0.4,random,44,4,0.4150942821835167,True,2322992.7427907735,2303030.5576930307,8.000000000000007,3.0,0.8593304976820917
ieee39,0.4,random,47,4,0.4122003379293418,True,2325917.22202424,2311801.448496104,8.0,3.0,0.6068906233838762
ieee39,0.4,random,49,4,0.4027185412975651,True,2419697.165164043,2406693.0104326475,8.000000000000007,3.0,0.5374290187472298
ieee39,0.4,random,51,4,0.4192254577322259,True,2345982.8526048,2337218.516517154,8.0,3.0,0.3735890941365882
ieee39,0.4,random,54,4,0.41028312520367843,True,2380389.0777510526,2368486.525308815,8.000000000000348,3.0,0.5000255022797805
ieee39,0.4,random,55,4,0.4017902617830579,True,2363360.2376809395,2344031.9793027933,8.0,2.9999999999999987,0.8178295492147307
ieee39,0.4,random,58,4,0.4180732234420351,True,2288509.342977492,2270349.5309433904,8.0,3.0,0.793521428690112
ieee39,0.4,random,59,4,0.40301744907463183,True,2402575.97450674,2383168.506985119,8.235150512745056,3.0,0.8077774741589746
ieee39,0.4,random,65,4,0.4122003379293418,True,2325917.22202424,2311801.448496104,8.0,3.0,0.6068906233838762
ieee39,0.4,random,68,4,0.41365462221852056,True,2356895.6719060885,2344582.1673119734,8.000000000000002,3.0,0.5224458910460298
ieee39,0.4,random,70,4,0.4135645806770698,True,2324492.080539856,2311432.1039505997,7.99999999999999,3.0,0.5618421632231715
ieee39,0.4,random,77,5,0.40408463023802427,True,2441304.3396066884,2433092.2642430216,8.0,3.0,0.3363806482640249
ieee39,0.4,random,79,4,0.42396119749479605,True,2320310.857216183,2312079.5515105515,8.000000000000002,3.0,0.35475012669238687
ieee39,0.4,random,82,5,0.41059062783320366,True,2403914.665646633,2396113.4658209886,8.0,3.0,0.3245206636129089
ieee39,0.4,random,83,4,0.40766314729575115,True,2318391.2392181125,2295039.142693181,7.999999999999997,3.0,1.00725434645824
ieee39,0.4,random,84,4,0.41479537440645,True,2371442.3411372527,2362398.23045035,7.999999999999992,3.0,0.3813759470350723
ieee39,0.4,random,86,4,0.40301744907463183,True,2402575.97450674,2383168.506985119,8.235150512745056,3.0,0.8077774741589746
ieee39,0.4,random,87,4,0.4089188824559504,True,2384081.972463187,2371469.390042126,8.000000000000002,3.0,0.5290330855540835
ieee39,0.4,random,88,4,0.4180732234420351,True,2288509.342977492,2270349.5309433904,8.0,3.0,0.793521428690112
ieee39,0.4,random,91,4,0.41028312520367843,True,2380389.0777510526,2368486.525308815,8.000000000000348,3.0,0.5000255022797805
ieee39,0.4,random,92,4,0.4231114774194782,True,2229610.384613826,2207233.901875756,8.0,3.0,1.003605064476114
ieee39,0.4,random,93,3,0.4015613185927219,True,2427719.592355847,2413800.5382819097,9.329115511221376,4.5,0.5733386227043733
ieee39,0.4,random,95,4,0.4043816918223598,True,2384509.8459084383,2363871.1248507774,7.999999999999999,3.0,0.8655330609380665
ieee39,0.4,random,97,4,0.41501886496624857,True,2353172.9954989837,2341569.520883691,8.0,3.0,0.493099089505408
ieee39,0.4,random,98,4,0.41479176796864375,True,2346626.424181884,2329969.8032548563,8.0,3.0,0.7098113596345005
ieee39,0.4,random,99,4,0.40262849975611437,True,2387341.2430323656,2373590.6163058295,8.0,3.0,0.5759807805720408
ieee39,0.4,random,102,4,0.41043008009673243,True,2336120.5954271965,2321893.024187985,8.0,3.0,0.6090255471854124
ieee39,0.4,random,104,4,0.4062989045480232,True,2326245.7893030494,2302807.5362794776,8.0,3.0000000000000004,1.007557031649436
ieee39,0.4,random,111,4,0.41501886496624857,True,2353172.9954989837,2341569.520883691,8.0,3.0,0.493099089505408
ieee39,0.4,random,113,4,0.4089188824559504,True,2384081.972463187,2371469.390042126,8.000000000000002,3.0,0.5290330855540835
ieee39,0.4,random,117,4,0.4089188824559504,True,2384081.972463187,2371469.390042126,8.000000000000002,3.0,0.5290330855540835
ieee39,0.4,random,122,4,0.40301744907463183,True,2402575.97450674,2383168.506985119,8.235150512745056,3.0,0.8077774741589746
ieee39,0.4,random,123,3,0.4015613185927219,True,2427719.592355847,2413800.5382819097,9.329115511221376,4.5,0.5733386227043733
ieee39,0.4,random,124,4,0.41365462221852056,True,2356895.6719060885,2344582.1673119734,8.000000000000002,3.0,0.5224458910460298
ieee39,0.4,random,125,4,0.40002000395044857,True,2373533.829388926,2354093.7732997034,8.0,3.0,0.8190342959732467
ieee39,0.4,random,126,4,0.41043008009673243,True,2336120.5954271965,2321893.024187985,8.0,3.0,0.6090255471854124
ieee39,0.4,random,131,5,0.4088203700005944,True,2414040.5881200638,2406127.590583343,8.0,3.0,0.32779057550490326
ieee39,0.4,random,135,4,0.4089188824559504,True,2384081.972463187,2371469.390042126,8.000000000000002,3.0,0.5290330855540835
ieee39,0.4,random,143,4,0.40301744907463183,True,2402575.97450674,2383168.506985119,8.235150512745056,3.0,0.8077774741589746
ieee39,0.4,random,149,4,0.41028312520367843,True,2380389.0777510526,2368486.525308815,8.000000000000348,3.0,0.5000255022797805
ieee39,0.4,random,159,5,0.41059062783320366,True,2403914.665646633,2396113.4658209886,8.0,3.0,0.3245206636129089
ieee39,0.4,random,162,4,0.4237341004971913,True,2295235.2435376537,2279143.360859464,8.000000000000002,3.0,0.7010994939842118
ieee39,0.4,random,163,4,0.4237341004971913,True,2295235.2435376537,2279143.360859464,8.000000000000002,3.0,0.7010994939842118
ieee39,0.4,random,164,4,0.4058530418779024,True,2405848.5662835054,2393666.2392420094,8.000000000000004,3.0,0.5063630027352474
ieee39,0.4,random,173,4,0.42396119749479605,True,2320310.857216183,2312079.5515105515,8.000000000000002,3.0,0.35475012669238687
ieee39,0.4,random,176,4,0.40448879913017444,True,2409571.242690612,2396678.8856702936,8.000000000000002,3.0,0.5350477625190467
ieee39,0.4,random,178,4,0.4058530418779024,True,2405848.5662835054,2393666.2392420094,8.000000000000004,3.0,0.5063630027352474
ieee39,0.4,random,179,4,0.4231114774194782,True,2229610.384613826,2207233.901875756,8.0,3.0,1.003605064476114
ieee39,0.4,random,184,4,0.40126425700838636,True,2388796.1662117215,2373989.7425463055,7.999999999999999,3.0,0.6198278394299656
ieee39,0.4,random,186,4,0.4198300219460868,True,2295728.9913041485,2276065.884033352,8.0,3.0,0.8565082091691572
ieee39,0.4,random,194,5,0.41059062783320366,True,2403914.665646633,2396113.4658209886,8.0,3.0,0.3245206636129089
ieee39,0.4,random,197,4,0.406526001545628,True,2336144.1554288696,2317114.97487767,8.0,3.0000000000000004,0.8145550653190033
ieee39,0.4,random,200,3,0.4015613185927219,True,2427719.592355847,2413800.5382819097,9.329115511221376,4.5,0.5733386227043733
ieee39,0.4,random,203,4,0.41028312520367843,True,2380389.0777510526,2368486.525308815,8.000000000000348,3.0,0.5000255022797805
ieee39,0.4,random,207,4,0.41830032043963994,True,2297275.9982877863,2284515.0995254763,8.000000000000002,3.0,0.555479566748659
ieee39,0.4,random,212,4,0.4062989045480232,True,2326245.7893030494,2302807.5362794776,8.0,3.0000000000000004,1.007557031649436
ieee39,0.4,random,218,4,0.40851286737106907,True,2390562.669459036,2378548.3193057245,7.999999999999997,3.0,0.5025741557334017
ieee39,0.4,random,221,4,0.40913449735129376,True,2349951.56907231,2336611.817883796,7.999999999999993,3.0,0.5676606856106381
ieee39,0.4,random,223,5,0.41059062783320366,True,2403914.665646633,2396113.4658209886,8.0,3.0,0.3245206636129089
ieee39,0.4,random,230,4,0.40055783844978776,True,2453721.712234706,2444099.539736628,7.999999999999996,3.0,0.3921460388152483
ieee39,0.4,random,233,4,0.4192254577322259,True,2345982.8526048,2337218.516517154,8.0,3.0,0.3735890941365882
ieee39,0.4,random,236,5,0.42089720310947915,True,2344668.9349174653,2337518.6298392997,8.0,3.0,0.30496011490924213
ieee39,0.4,random,239,4,0.41830032043963994,True,2297275.9982877863,2284515.0995254763,8.000000000000002,3.0,0.555479566748659
ieee39,0.4,random,240,4,0.41479537440645,True,2371442.3411372527,2362398.23045035,7.999999999999992,3.0,0.3813759470350723
ieee39,0.4,random,242,4,0.41028312520367843,True,2380389.0777510526,2368486.525308815,8.000000000000348,3.0,0.5000255022797805
ieee39,0.4,random,243,4,0.4089188824559504,True,2384081.972463187,2371469.390042126,8.000000000000002,3.0,0.5290330855540835
ieee39,0.4,random,245,4,0.4073642395186845,True,2360125.1607802957,2346673.6118807057,8.0,3.0,0.5699506586821327
ieee39,0.4,random,246,4,0.4231114774194782,True,2229610.384613826,2207233.901875756,8.0,3.0,1.003605064476114
ieee39,0.4,random,250,4,0.41830032043963994,True,2297275.9982877863,2284515.0995254763,8.000000000000002,3.0,0.555479566748659
ieee39,0.4,random,257,4,0.4192254577322259,True,2345982.8526048,2337218.516517154,8.0,3.0,0.3735890941365882
ieee39,0.4,random,261,4,0.4058530418779024,True,2405848.5662835054,2393666.2392420094,8.000000000000004,3.0,0.5063630027352474
ieee39,0.4,random,265,4,0.4192254577322259,True,2345982.8526048,2337218.516517154,8.0,3.0,0.3735890941365882
ieee39,0.4,random,266,4,0.4237341004971913,True,2295235.2435376537,2279143.360859464,8.000000000000002,3.0,0.7010994939842118
ieee39,0.4,random,269,4,0.4231114774194782,True,2229610.384613826,2207233.901875756,8.0,3.0,1.003605064476114
ieee39,0.4,random,272,4,0.41660547982429874,True,2267000.058573882,2244212.7002977887,7.999999999999997,2.9999999999999996,1.0051767837371997
ieee39,0.4,random,273,4,0.4135645806770698,True,2324492.080539856,2311432.1039505997,7.99999999999999,3.0,0.5618421632231715
ieee39,0.4,random,274,4,0.4059999967709565,True,2361580.083959652,2347072.7381211817,8.000000000000002,3.0,0.6143067489858728
ieee39,0.4,random,277,3,0.4015613185927219,True,2427719.592355847,2413800.5382819097,9.329115511221376,4.5,0.5733386227043733
ieee39,0.4,random,278,5,0.4150207111589797,True,2378455.1771141794,2369772.4397526854,8.0,3.0000000000000004,0.36505785120697126
ieee39,0.4,random,282,5,0.4150207111589797,True,2378455.1771141794,2369772.4397526854,8.0,3.0000000000000004,0.36505785120697126
ieee39,0.4,random,284,4,0.4058530418779024,True,2405848.5662835054,2393666.2392420094,8.000000000000004,3.0,0.5063630027352474
ieee39,0.4,random,286,5,0.41059062783320366,True,2403914.665646633,2396113.4658209886,8.0,3.0,0.3245206636129089
ieee39,0.4,random,291,3,0.4015613185927219,True,2427719.592355847,2413800.5382819097,9.329115511221376,4.5,0.5733386227043733
ieee39,0.4,random,293,5,0.41325045332637034,True,2388628.768822165,2379834.2337495945,8.0,3.0,0.36818341918017083
ieee39,0.4,random,297,4,0.40126425700838636,True,2388796.1662117215,2373989.7425463055,7.999999999999999,3.0,0.6198278394299656
ieee39,0.4,random,300,4,0.4135645806770698,True,2324492.080539856,2311432.1039505997,7.99999999999999,3.0,0.5618421632231715
ieee39,0.4,random,304,5,0.4088203700005944,True,2414040.5881200638,2406127.590583343,8.0,3.0,0.32779057550490326
ieee39,0.4,random,307,4,0.40148774756818495,True,2387511.7760714297,2372719.4665833777,8.0,3.0,0.6195701163155009
ieee39,0.4,random,310,5,0.41325045332637034,True,2388628.768822165,2379834.2337495945,8.0,3.0,0.36818341918017083
ieee39,0.4,random,313,5,0.41059062783320366,True,2403914.665646633,2396113.4658209886,8.0,3.0,0.3245206636129089
ieee39,0.4,random,316,4,0.4225069132056173,True,2299499.360881145,2291003.8893567147,8.0,3.0,0.36944874475525225
ieee39,0.4,random,318,4,0.41332402435090737,True,2333118.6652642046,2313044.6824553846,8.000000000000007,3.0,0.8603927055954856
ieee39,0.4,random,327,4,0.40448879913017444,True,2409571.242690612,2396678.8856702936,8.000000000000002,3.0,0.5350477625190467
ieee39,0.4,random,330,4,0.4150942821835167,True,2322992.7427907735,2303030.5576930307,8.000000000000007,3.0,0.8593304976820917
ieee39,0.4,random,332,4,0.4192254577322259,True,2345982.8526048,2337218.516517154,8.0,3.0,0.3735890941365882
ieee39,0.4,random,333,5,0.4088203700005944,True,2414040.5881200638,2406127.590583343,8.0,3.0,0.32779057550490326
ieee39,0.4,random,337,4,0.41807682987984135,True,2324958.8494135984,2316183.6032899106,7.9999999999999964,3.0,0.3774366211213211
ieee39,0.4,random,342,4,0.4027185412975651,True,2419697.165164043,2406693.0104326475,8.000000000000007,3.0,0.5374290187472298
ieee39,0.4,random,344,4,0.41479176796864375,True,2346626.424181884,2329969.8032548563,8.0,3.0,0.7098113596345005
ieee39,0.4,random,345,4,0.4089188824559504,True,2384081.972463187,2371469.390042126,8.000000000000002,3.0,0.5290330855540835
ieee39,0.4,random,346,5,0.42089720310947915,True,2344668.9349174653,2337518.6298392997,8.0,3.0,0.30496011490924213
ieee39,0.4,random,348,4,0.4231114774194782,True,2229610.384613826,2207233.901875756,8.0,3.0,1.003605064476114
ieee39,0.4,random,351,4,0.41479176796864375,True,2346626.424181884,2329969.8032548563,8.0,3.0,0.7098113596345005
ieee39,0.4,random,358,4,0.4062989045480232,True,2326245.7893030494,2302807.5362794776,8.0,3.0000000000000004,1.007557031649436
ieee39,0.4,random,365,4,0.4122003379293418,True,2325917.22202424,2311801.448496104,8.0,3.0,0.6068906233838762
ieee39,0.4,random,378,5,0.41059062783320366,True,2403914.665646633,2396113.4658209886,8.0,3.0,0.3245206636129089
ieee39,0.4,random,382,4,0.41501886496624857,True,2353172.9954989837,2341569.520883691,8.0,3.0,0.493099089505408
ieee39,0.4,random,384,4,0.40148774756818495,True,2387511.7760714297,2372719.4665833777,8.0,3.0,0.6195701163155009
ieee39,0.4,random,395,4,0.41837573765690805,True,2256826.4668658962,2234150.9063008795,8.0,3.0,1.0047542820829614
rts24,0.2,smallest-first,-1,19,0.21238069904804788,True,1495570.1630177037,1485458.586423073,8.0,3.002981761677058,0.6761017867746153
rts24,0.2,random,1,10,0.21807315773121902,True,1467426.7282193147,1458101.115091873,8.0,3.0,0.6355079233671863
rts24,0.2,random,2,7,0.21465975047228048,True,1471636.023370724,1463574.9516868505,8.0,3.0,0.5477625959039694
rts24,0.2,random,3,6,0.21362960770906564,True,1511912.7015759214,1505187.700350222,8.0,3.0,0.44480089483273244
rts24,0.2,random,5,6,0.2105943395838169,True,1486480.472604513,1477388.332083359,8.0,3.0,0.6116555641813035
rts24,0.2,random,9,7,0.20655522213422559,True,1500947.5250849875,1492121.1729137313,8.0,3.0,0.5880520153931721
rts24,0.2,random,11,10,0.20618291082504486,True,1513389.4156016572,1504292.5859451818,8.0,3.0239465811687345,0.6010898161897713
rts24,0.2,random,12,10,0.2111207265775613,True,1490049.2356820006,1482163.9533689271,8.0,3.0,0.5291960912596555
rts24,0.2,random,13,7,0.21896538683706646,True,1475820.4775110197,1467179.4896148092,8.0,3.0,0.5855039978021983
rts24,0.2,random,15,9,0.21253359911652933,True,1481820.938260008,1473970.1043996082,8.0,3.0,0.5298098884753613
rts24,0.2,random,17,9,0.21188920301312794,True,1480058.0196332717,1472054.5020689776,8.0,3.0,0.5407570148011678
rts24,0.2,random,21,4,0.21813474424116439,True,1498867.8550717738,1492057.551369241,8.0,3.0,0.45436318348468857
rts24,0.2,random,23,6,0.21035896669504092,True,1483061.3966557984,1474484.923513926,8.0,3.0,0.5782952183376684
rts24,0.2,random,24,7,0.2075393607643013,True,1509164.438572832,1503820.1693577794,8.0,3.0,0.35412106715861824
rts24,0.2,random,26,6,0.2002090563804064,True,1512773.922037911,1503658.3225818204,8.0,3.0,0.6025751319014367
rts24,0.2,random,28,5,0.20642382707503495,True,1489827.6027074845,1484083.5015191152,8.0,3.0,0.3855547566665091
rts24,0.2,random,30,6,0.20520329473263443,False,,,,,
rts24,0.2,random,31,5,0.2147956680691364,True,1477708.9584017606,1468152.8883572426,8.0,3.0,0.6466814720304261
rts24,0.2,random,32,7,0.2040508635403866,False,,,,,
rts24,0.2,random,35,10,0.22998796793156492,True,1466319.3899780407,1459367.7433661863,8.0,3.0,0.47408815973977814
rts24,0.2,random,40,5,0.22170389333875343,True,1454329.4091134595,1446839.5016089398,8.0,3.0,0.5150076356556271
rts24,0.2,random,41,8,0.22433175485890786,True,1473812.1530900523,1465386.6056445458,8.0,3.0,0.5716839441065283
rts24,0.2,random,42,8,0.220222517537384,False,,,,,
rts24,0.2,random,43,12,0.2033220704511952,True,1518911.7010085282,1510964.510615779,8.0,3.0,0.5232160886951077
rts24,0.2,random,44,12,0.2317352212755605,True,1436478.4995335247,1425769.0675323382,8.0,3.0,0.7455337483063106
rts24,0.2,random,46,8,0.20333803227898187,True,1508364.0095448177,1501916.6582524525,8.0,3.0,0.42744001126829206
rts24,0.2,random,47,8,0.20855542680431488,True,1495618.8930915822,1486798.98858261,8.0,3.0,0.589716039942552
rts24,0.2,random,48,3,0.2144289001211698,True,1538927.741610689,1536901.778156648,8.0,3.0,0.13164773103126523
rts24,0.2,random,50,8,0.22450449789637775,False,,,,,
rts24,0.2,random,52,4,0.20322066849986287,True,1505433.003950423,1497064.2708633048,8.0,3.0,0.5559020604143636
rts24,0.2,random,53,8,0.22011207051072104,True,1461568.9334554367,1451530.8792893474,8.0,3.005806980727293,0.6867999131835226
rts24,0.2,random,54,7,0.21165913008756693,True,1480431.210761448,1473110.3808189793,8.0,3.0,0.4945065930286044
rts24,0.2,random,55,5,0.22586139539101258,False,,,,,
rts24,0.2,random,56,12,0.20102723886263835,True,1521500.644475667,1513049.4924275933,8.0,3.0,0.5554484698221149
rts24,0.2,random,57,7,0.20387721321453714,False,,,,,
rts24,0.2,random,58,8,0.21513004887416398,True,1480087.1607196752,1470988.9621113332,8.0,3.0,0.6147069476582852
rts24,0.2,random,60,11,0.21148095722405222,True,1492860.9618181959,1483091.8455615798,8.0,3.0169184590628455,0.6543888886154546
rts24,0.2,random,62,6,0.20262008251421962,True,1510376.7486009754,1504207.0621183012,8.0,3.0,0.4084865904079255
rts24,0.2,random,64,9,0.21450400863362992,True,1481007.6866364356,1471724.6932581079,8.0,3.0,0.6268025117013808
rts24,0.2,random,65,10,0.22904111447510433,True,1442979.4794966343,1435917.9096390752,8.0,3.0,0.4893742397516636
rts24,0.2,random,66,5,0.20753289156722368,True,1514533.6817688444,1506197.470446022,8.0,3.000000000000002,0.5504143897999285
rts24,0.2,random,67,14,0.21809229119934595,True,1488054.0394125935,1478963.5068926534,8.0,3.027270560400567,0.6109006984402613
rts24,0.2,random,68,4,0.21772572102653898,False,,,,,
rts24,0.2,random,69,6,0.2258481578517928,False,,,,,
rts24,0.2,random,71,6,0.2209910620773487,True,1465322.9952161694,1455511.8199978154,8.0,3.0,0.6695571727451531
rts24,0.2,random,72,5,0.23169159261765984,False,,,,,
rts24,0.2,random,73,4,0.2010766086569128,True,1534111.704007158,1525957.9495514778,8.0,3.0,0.5314967896002842
rts24,0.2,random,74,5,0.20642382707503495,True,1489827.6027074845,1484083.5015191152,8.0,3.0,0.3855547566665091
rts24,0.2,random,75,9,0.20237838883867984,True,1517906.1704429006,1510405.0379775525,8.0,3.0,0.4941762943857988
rts24,0.2,random,76,6,0.20719308093615127,False,,,,,
rts24,0.2,random,77,9,0.20151613652538844,False,,,,,
rts24,0.2,random,78,5,0.20753289156722368,True,1514533.6817688444,1506197.4704460215,8.0,3.000000000000002,0.5504143897999593
rts24,0.2,random,81,4,0.21036426665825592,True,1507854.5215029286,1499258.0866031344,8.0,3.0,0.5701103639113553
rts24,0.2,random,82,11,0.21983364861443438,True,1466947.667544656,1458585.6112202394,8.0,3.007928529063175,0.570030990840509
rts24,0.2,random,84,8,0.21007351451112902,True,1536239.3893763355,1531025.7184795963,8.0,3.0,0.33937880598516734
rts24,0.2,random,87,5,0.20353669326231313,True,1508942.3352128,1499953.1591670804,8.0,3.0,0.5957269430346938
rts24,0.2,random,89,8,0.21800529584138614,False,,,,,
rts24,0.2,random,90,8,0.20030276415373313,False,,,,,
rts24,0.2,random,92,6,0.2296659173773776,False,,,,,
rts24,0.2,random,94,9,0.20625709350164154,False,,,,,
rts24,0.2,random,95,4,0.21062515556035444,True,1514718.481273652,1506547.5896721731,8.0,3.0,0.5394330169265786
rts24,0.2,random,97,8,0.2085668660944362,True,1486970.3251518111,1477609.9266591242,8.0,3.0,0.6294946398295658
rts24,0.2,random,98,7,0.20237147208622383,True,1504258.0103988845,1498662.649851051,8.0,3.0,0.37196814038237275
rts24,0.2,random,99,4,0.20046380595559857,True,1546945.4568689535,1539513.1731687444,8.0,3.0,0.4804489820379441
rts24,0.2,random,101,7,0.2288421915339315,True,1436806.4284089683,1428776.657673181,8.0,3.006815501143084,0.5588623893253948
rts24,0.2,random,102,9,0.2095219869970729,True,1503671.8247530952,1496257.7307514537,8.0,3.0,0.49306596556458726
rts24,0.2,random,105,9,0.21142453462434063,True,1489562.1559019715,1483695.781232043,8.0,3.0,0.3938321503862533
rts24,0.2,random,107,10,0.22075116665090744,True,1460231.0044624289,1449206.3497976933,8.0,3.00665455112876,0.754993876382879
rts24,0.2,random,110,5,0.21393341575584493,True,1477375.3914761373,1467810.821458684,8.0,3.0,0.6474028248092537
rts24,0.2,random,113,11,0.20760800007968386,True,1509048.090710893,1499871.6687331588,8.0,3.027270560400568,0.6080934089656016
rts24,0.2,random,118,5,0.23210061583228522,True,1452309.1186450913,1444620.416206286,8.0,3.0,0.5294122539131548
rts24,0.2,random,120,11,0.2007620708208737,True,1522475.969801187,1513309.8080965136,7.999999999999999,3.0068256986523356,0.6020562482749989
rts24,0.2,random,121,8,0.21175290596529173,True,1534389.2170070081,1529700.330028307,8.0,3.0,0.3055865439309723
rts24,0.2,random,122,8,0.20484377340729518,False,,,,,
rts24,0.2,random,123,5,0.20642382707503495,True,1489827.6027074845,1484083.5015191152,8.0,3.0,0.3855547566665091
rts24,0.2,random,124,7,0.21252138240085838,True,1476938.82426709,1468725.2382802994,8.0,3.0,0.556122288332869
rts24,0.2,random,126,8,0.20546451350490424,True,1509558.1738713498,1501926.914078827,8.0,3.0,0.5055293611475701
rts24,0.2,random,128,11,0.2112692403410685,True,1497821.665459018,1490027.9052253766,8.0,3.0,0.5203396648193707
rts24,0.2,random,129,5,0.22957304878803236,False,,,,,
rts24,0.2,random,130,4,0.22829609384592026,True,1466651.0781324725,1459145.3171873596,8.0,3.0,0.5117618673604497
rts24,0.2,random,131,3,0.20426755051641393,True,1554964.3025794546,1550847.8205313862,7.999999999999996,3.0,0.26473161095980124
rts24,0.2,random,133,9,0.22593572647792312,True,1446584.4377188247,1439146.8503401997,8.0,3.0,0.5141481675520913
rts24,0.2,random,135,6,0.2253834894630055,True,1480353.9696351644,1473693.5908377762,8.0,3.0,0.44991798813020584
rts24,0.2,random,137,6,0.20308475090300696,True,1499349.6018777038,1493350.7255983157,8.0,3.0,0.4000985675305761
rts24,0.2,random,138,6,0.20807854169985662,True,1504301.2280342826,1495906.7149557264,8.0,3.0,0.5580340507682451
rts24,0.2,random,139,5,0.20093410435748207,False,,,,,
rts24,0.2,random,140,4,0.20084123576813684,True,1507261.3874214098,1500780.050880057,8.0,3.0,0.43000746887312785
rts24,0.2,random,142,2,0.22027233488703682,True,1524090.6380406753,1523733.4882443233,8.0,3.0,0.023433632320658055
rts24,0.2,random,144,7,0.20364184032576116,False,,,,,
rts24,0.2,random,146,10,0.2137180155191774,True,1480273.5702724985,1473926.7542601172,8.0,3.0,0.4287596657699549
rts24,0.2,random,148,11,0.22920106752873282,True,1440598.4236252196,1431679.5451691854,8.0,3.0,0.6191092749907473
rts24,0.2,random,150,4,0.21991281356169753,True,1500901.3357261813,1494768.6255276469,8.0,3.0,0.4086018216225539
rts24,0.2,random,152,5,0.23210061583228522,True,1452309.1186450915,1444707.1153853042,8.0,3.0,0.523442506983603
rts24,0.2,random,153,5,0.20300365147395427,True,1550822.0522678688,1544820.9914434543,8.0,3.0,0.3869599878102544
rts24,0.2,random,154,6,0.2007053181712809,True,1504887.678471832,1499317.8421878812,8.0,3.0,0.37011641224990516
rts24,0.2,random,155,7,0.219491330233402,False,,,,,
rts24,0.2,random,157,10,0.20548286954748157,True,1512802.170862095,1505439.4623614855,8.0,3.0000000000000004,0.4866934118962654
rts24,0.2,random,159,6,0.2028238620009084,False,,,,,
rts24,0.2,random,160,6,0.2276639144581898,True,1434334.1963011343,1424279.7235913565,8.000000000000002,3.0,0.7009853586218799
rts24,0.2,random,162,11,0.20499319445918185,True,1504493.7294945095,1496096.7034055737,8.0,3.0,0.5581296833824014
rts24,0.2,random,163,7,0.23179673968110787,False,,,,,
rts24,0.2,random,164,12,0.21524741265328293,True,1483020.0450138582,1474822.6827460253,8.0,3.0,0.5527479075818135
rts24,0.2,random,165,5,0.20642382707503495,True,1489827.6027074845,1484083.5015191152,8.0,3.0,0.3855547566665091
rts24,0.2,random,166,10,0.20292978648990612,True,1523262.4664164905,1515687.1704932046,8.0,3.0,0.497307331487458
rts24,0.2,random,167,9,0.2068957420864496,True,1504582.3975919986,1499055.9300096724,8.0,3.0,0.36730906802917257
rts24,0.2,random,168,7,0.22229122546987473,True,1493378.5952350728,1487387.6227018596,8.0,2.9999999999999987,0.40116903726413516
rts24,0.2,random,169,8,0.20896445001894032,True,1508346.9904583795,1500849.086575593,8.0,3.0,0.49709409905129465
rts24,0.2,random,170,12,0.2306147174932505,True,1446900.7962446183,1437361.699308146,8.0,3.0290932028599777,0.6592778828535188
rts24,0.2,random,171,5,0.21504248024803366,True,1500051.3913907455,1491904.1917979037,8.0,3.0,0.5431280314528598
rts24,0.2,random,172,9,0.20755157747997227,True,1520199.712301661,1512758.222830606,8.0,3.0,0.48950735951582974
rts24,0.2,random,174,8,0.22584893527734246,True,1469069.8516381942,1460999.900391307,8.0,3.0,0.5493238621627298
rts24,0.2,random,176,11,0.20411950285576913,True,1514961.5300853038,1507198.0876470238,8.0,3.0,0.5124514572883468
rts24,0.2,random,179,6,0.20258848911213245,False,,,,,
rts24,0.2,random,180,7,0.22330301237022218,False,,,,,
rts24,0.2,random,181,8,0.21283785471868705,True,1480221.6405813133,1470191.2635875694,8.0,3.0,0.6776266958105546
rts24,0.2,random,182,4,0.22550763789956882,True,1436433.6187996373,1424814.4624731175,8.0,3.0057790681597134,0.8088891943527049
rts24,0.2,random,185,10,0.22278781731063044,True,1477105.5213867256,1470603.7932110156,8.0,3.0,0.44016680471182923
rts24,0.2,random,186,4,0.21823342210753477,True,1476415.1890794395,1466191.0997259088,8.0,3.0,0.6924941865374262
rts24,0.2,random,188,10,0.2107117033629359,True,1489559.30362963,1481475.7043795318,8.0,3.0,0.5426839488968855
rts24,0.2,random,189,9,0.20475168224349954,True,1514676.849205901,1506758.2533128224,8.0,3.0,0.5227911086929178
rts24,0.2,random,190,9,0.21706283920979877,True,1465172.5829705135,1457085.098809888,8.0,3.0,0.5519816746931558
rts24,0.2,random,193,7,0.20539530092135125,True,1544041.7143314667,1538042.8309290379,8.0,3.0,0.3885182211561037
rts24,0.2,random,194,6,0.20298607303663654,True,1510044.7165183916,1501680.070326399,8.0,3.0,0.5539336749760871
rts24,0.2,random,195,4,0.22052561626301173,True,1474797.5539931308,1465741.9385901527,8.0,3.0000000000000004,0.614024303095659
rts24,0.2,random,196,6,0.22876153966025722,True,1442686.4854411222,1432612.134296622,8.0,3.0,0.6983049502553517
rts24,0.2,random,197,5,0.20642382707503495,True,1489827.6027074845,1484083.5015191152,8.0,3.0,0.3855547566665091
rts24,0.2,random,198,5,0.21442967754671943,True,1499837.909491304,1492900.0571596841,8.0,3.0,0.46257347462120324
rts24,0.2,random,200,6,0.2179988266443085,True,1464143.1856182176,1456554.6932865342,8.0,3.0,0.5182889492108826
rts24,0.2,random,201,11,0.21467843638502904,True,1485253.555263911,1476397.4328220761,8.0,3.0,0.5962700718976666
rts24,0.2,random,202,5,0.23236150473438377,True,1461571.9360691975,1455014.6988106235,8.0,3.0000000000000013,0.44864280003961055
rts24,0.2,random,203,4,0.20084123576813684,True,1507261.3874214098,1500780.050880057,8.0,3.0,0.43000746887312785
rts24,0.2,random,205,8,0.21632590438722338,True,1472422.0694258462,1462837.8425336708,8.0,3.0,0.6509157320572247
rts24,0.2,random,206,6,0.20007269122817212,False,,,,,
rts24,0.2,random,207,6,0.20434194970772251,True,1538160.2221955196,1531003.4803933022,8.0,3.0,0.46527934469675336
rts24,0.2,random,208,7,0.20426302797874862,False,,,,,
rts24,0.2,random,210,5,0.23210061583228522,True,1452298.6516034072,1444591.2865452429,8.0,3.0,0.5307011095586328
rts24,0.2,random,211,8,0.20119397243603182,True,1529852.2096261198,1523501.8685639,8.0,3.0,0.41509506750144
rts24,0.2,random,212,11,0.20214379337545352,True,1522528.350052553,1515411.0309060956,8.0,3.0,0.46746710143109604
rts24,0.2,random,214,8,0.2005495763326304,False,,,,,
rts24,0.2,random,215,6,0.20258848911213245,False,,,,,
rts24,0.2,random,218,7,0.21966498055925143,True,1470238.1596536054,1463091.9549282703,8.0,3.0,0.48605762803890196
rts24,0.2,random,219,6,0.21237240890435005,False,,,,,
rts24,0.2,random,221,7,0.22484430852745016,True,1484728.6378601773,1478338.7361900953,8.0,3.0,0.4303750535378148
rts24,0.2,random,222,3,0.22193848880197978,True,1505219.159815877,1501515.1507019927,7.999999999999997,3.0,0.24607772826499125
rts24,0.2,random,224,11,0.20625212340859786,True,1510386.7510785733,1502685.0276722221,8.0,3.0,0.5099173043494548
rts24,0.2,random,226,8,0.20657357799709294,True,1519898.738800436,1512024.4013745885,8.0,3.0,0.5180830291406304
rts24,0.2,random,227,7,0.2272732471064318,True,1445822.561176809,1435214.8887764008,8.0,3.0,0.7336773325610724
rts24,0.2,random,235,4,0.21813474424116439,True,1498867.855071774,1492057.5513692414,8.0,3.0,0.45436318348467297
rts24,0.2,random,239,11,0.21188998043867763,True,1491905.885837995,1483523.6929961825,8.0,3.0163440660653613,0.561844612410271
rts24,0.2,random,240,4,0.20346748067876014,True,1522550.29378047,1513319.9620810875,8.0,3.0,0.6062414973802761
rts24,0.2,random,241,3,0.2117771391972239,True,1533026.1725006625,1529016.5918188128,7.999999999999997,3.0,0.26154678594360425
rts24,0.2,random,242,8,0.22290052645707245,True,1456890.337053939,1447156.410929228,8.0,3.0,0.6681303236861728
rts24,0.2,random,243,5,0.2094160625080752,False,,,,,
rts24,0.2,random,244,13,0.20754614765392745,False,,,,,
rts24,0.2,random,245,8,0.20744636231212618,False,,,,,
rts24,0.2,random,247,9,0.20854928765711847,False,,,,,
rts24,0.2,random,249,10,0.22045259046294502,True,1466396.4801812894,1456537.5580305273,8.0,3.021048089907795,0.6723230916063848
rts24,0.2,random,250,9,0.20714255426534686,True,1503847.2547035743,1496802.7403032605,8.0,3.0,0.4684328397236325
rts24,0.2,random,251,8,0.23076968190635136,True,1422998.398747516,1414475.7812583009,8.0,3.0,0.5989196823212586
rts24,0.2,random,252,8,0.20321614596219753,True,1509331.3959452673,1499572.618600984,8.0,3.0,0.6465629331304962
rts24,0.2,random,254,8,0.2267226268807552,True,1462260.4047479948,1453101.3472633092,8.0,3.0,0.6263629552537971
rts24,0.2,random,255,9,0.22418892068930588,True,1440354.0200964685,1430211.3865165578,8.0,3.0,0.7041764342929681
rts24,0.2,random,256,3,0.2065597446718909,True,1528889.1553447184,1521148.7088282772,8.0,3.0,0.5062791170558041
rts24,0.2,random,257,6,0.21498676696947366,True,1478709.091336806,1469830.8557665849,8.0,3.0,0.6004044759199366
rts24,0.2,random,260,10,0.20269441360113014,True,1514379.681110628,1507750.7884521205,8.0,3.0,0.4377298996540881
rts24,0.2,random,261,6,0.2105943395838169,True,1486470.005562829,1477350.0719314246,8.0,3.0,0.6135296102359908
rts24,0.2,random,264,7,0.2211589525272721,False,,,,,
rts24,0.2,random,271,4,0.20005478274097319,False,,,,,
rts24,0.2,random,273,8,0.22776906152163784,False,,,,,
rts24,0.2,random,275,7,0.21543476420932278,True,1472633.5171470584,1462133.0668640789,8.0,3.0,0.713038930644612
rts24,0.2,random,276,6,0.20308475090300696,True,1499349.6018777029,1493350.725598316,8.0,3.0,0.4000985675304987
rts24,0.2,random,277,6,0.20434194970772251,True,1538160.2221955191,1531003.4803933022,8.0,3.0,0.4652793446967232
rts24,0.2,random,278,5,0.22170389333875343,True,1454329.40911346,1446639.977179402,8.0,3.0,0.5287269779372298
rts24,0.2,random,280,8,0.21632590438722338,True,1472422.069425846,1462837.8425336704,8.0,3.0,0.6509157320572407
rts24,0.2,random,281,5,0.20702519048622786,True,1500916.2491091797,1492045.0489601525,8.0,3.0,0.5910523091673089
rts24,0.2,random,282,7,0.22180904040220148,True,1452610.0269633813,1444951.0214753202,8.0,3.0,0.5272582004732498
rts24,0.2,random,283,4,0.21991281356169753,True,1500901.3357261813,1494768.6255276469,8.0,3.0,0.4086018216225539
rts24,0.2,random,284,5,0.20464575775450183,True,1501212.6581552578,1493835.9182923054,8.0,3.0,0.49138540251966534
rts24,0.2,random,287,9,0.20475168224349954,True,1514666.3821642166,1506809.24724516,8.0,3.0,0.5187369979011535
rts24,0.2,random,290,8,0.23050879300425287,True,1433326.0931400617,1422634.8363831795,8.0,3.0,0.7459054019912729
rts24,0.2,random,291,8,0.2005381370425091,True,1519550.859645742,1511509.2639391937,8.0,3.0,0.5292087234528677
rts24,0.2,random,293,12,0.2100795239752055,False,,,,,
rts24,0.2,random,295,9,0.21450400863362992,True,1481007.6866364367,1471576.8653266346,8.0,3.0000000000000004,0.636784089299412
rts24,0.2,random,296,10,0.22173530528098317,True,1456341.6037183385,1446963.1432190007,8.0,3.0,0.6439739464554706
rts24,0.2,random,297,4,0.22600389969044332,True,1470012.052535732,1461498.1553230141,8.0,3.0,0.5791719325043402
rts24,0.2,random,298,8,0.20333803227898187,True,1508364.0095448177,1501916.6582524525,8.0,3.0,0.42744001126829206
rts24,0.2,random,299,9,0.22379166663497302,False,,,,,
rts24,0.2,random,301,10,0.21617591006716624,True,1477781.0955012108,1468214.4474229482,8.0,3.0,0.6473657098054774
rts24,0.2,random,303,8,0.22434319414902917,True,1462435.8346984747,1452505.5028249023,8.0,3.0,0.6790268426115166
rts24,0.2,random,304,4,0.22550763789956882,True,1436433.6187996373,1425014.015553647,8.0,3.005806980727293,0.7949969352244204
rts24,0.2,random,305,11,0.2114923965141735,False,,,,,
rts24,0.2,random,306,6,0.20307331161288564,True,1509993.5677735494,1499483.7250575111,8.0,3.0131673951081552,0.6960190387787378
rts24,0.2,random,308,4,0.22550763789956882,True,1436433.6187996382,1425930.2126680128,8.0,3.0,0.7312141677944453
rts24,0.2,random,309,6,0.22852616677148124,True,1429257.2307707148,1418925.7035714642,8.0,3.0,0.7228598867174846
rts24,0.2,random,310,7,0.21275675528963434,True,1496310.2503227247,1488005.7923012904,8.0,3.0,0.5549957316434309
rts24,0.2,random,311,6,0.21750256485343397,True,1468619.1346447328,1458653.486568497,8.0,3.0067907206686844,0.6785726701461321
rts24,0.2,random,312,8,0.2275283267315052,True,1473394.1202708595,1467711.2812178852,8.0,3.0,0.3856971447618882
rts24,0.2,random,313,9,0.2068957420864496,True,1504582.3975919988,1497423.3670872375,8.0,3.0,0.47581511761794487
rts24,0.2,random,314,9,0.21617163092750008,True,1465254.4208136955,1456091.6262067514,8.0,3.0,0.6253381308247978
rts24,0.2,random,315,6,0.22537172030271285,True,1434059.9098500595,1423679.4186301618,8.0,3.0,0.7238533863611809
rts24,0.2,random,316,6,0.20323288521553382,True,1511863.1266015936,1504347.2212622757,8.0,3.0,0.49712868890534523
rts24,0.2,random,317,9,0.2235562937461971,False,,,,,
rts24,0.2,random,320,7,0.20539530092135125,True,1544041.714331467,1538042.8309290374,8.0,3.0,0.38851822115614887
rts24,0.2,random,321,9,0.2171820175533184,True,1468997.728335516,1458432.4208428785,8.0,3.0,0.7192187767784245
rts24,0.2,random,322,6,0.2179988266443085,True,1464143.1856182166,1456554.693286533,8.0,3.0,0.5182889492108989
rts24,0.2,random,325,3,0.2065597446718909,True,1528889.1553447177,1521148.7088282774,8.0,3.0,0.5062791170557435
rts24,0.2,random,326,6,0.20048171444279755,False,,,,,
rts24,0.2,random,327,6,0.23004334718991584,False,,,,,
rts24,0.2,random,334,5,0.20703662977634918,True,1490746.650071554,1481453.680691292,8.0,3.0,0.6233768413845365
rts24,0.2,random,335,8,0.21047019114725357,True,1514972.4190562053,1507375.8817229723,8.0,3.0,0.5014307348225868
rts24,0.2,random,336,8,0.22085514448049282,True,1456289.6740271538,1445440.7340362307,8.0,3.0,0.7449712913861363
rts24,0.2,random,337,12,0.2109417762884969,True,1489060.4626019849,1479500.0154390275,8.0,3.0,0.6420455987563773
rts24,0.2,random,339,6,0.21329593622518964,True,1491450.1047039651,1482605.3088913597,8.0,3.0,0.5930333026032406
rts24,0.2,random,341,5,0.2051420195453763,True,1526085.4301109025,1517681.8602628831,8.0,3.0,0.5506618228711284
rts24,0.2,random,344,7,0.21276819457975565,True,1484933.9319311455,1476988.9583399768,8.0,3.0,0.5350388606741759
rts24,0.2,random,345,8,0.20657357799709294,True,1519898.738800437,1512106.460028182,8.0,3.0,0.5126840738353996
rts24,0.2,random,346,2,0.22027233488703682,True,1524090.6380406753,1523733.4882443233,8.0,3.0,0.023433632320658055
rts24,0.2,random,347,3,0.2065597446718909,True,1528889.1553447177,1521148.7088282774,8.0,3.0,0.5062791170557435
rts24,0.2,random,348,9,0.2191950122072491,True,1466506.5116546624,1458504.0147291003,8.0,3.0,0.5456843772574129
rts24,0.2,random,349,11,0.2241953898863835,True,1448236.4098680236,1440214.697213421,8.0,3.0,0.5538952480371276
rts24,0.2,random,350,7,0.216417995551019,False,,,,,
rts24,0.2,random,352,6,0.21988199758516,False,,,,,
rts24,0.2,random,354,7,0.20498627770672584,True,1517815.4694904643,1509547.2126967255,8.0,3.0,0.544747168541805
rts24,0.2,random,355,5,0.2094160625080752,False,,,,,
rts24,0.2,random,356,3,0.22193848880197978,True,1505219.159815876,1501515.1507019927,8.000000000000002,3.0,0.24607772826492952
rts24,0.2,random,359,10,0.22235558564559113,True,1452621.5403343362,1442096.4856793596,8.0,3.0,0.7245558710739022
rts24,0.2,random,360,5,0.2087045819403906,True,1500143.1073774542,1491376.1294721274,8.0,3.0,0.5844094381537479
rts24,0.2,random,361,9,0.216194839377914,False,,,,,
rts24,0.2,random,362,6,0.21877384038135078,True,1467541.3338786196,1457869.823282264,8.0,3.0,0.659028156351444
rts24,0.2,random,363,6,0.20998153688250273,True,1485850.3990763214,1477386.32964297,8.0,3.0,0.5696447932182788
rts24,0.2,random,364,6,0.2001976170902851,True,1517335.8679577124,1508726.3335374517,8.0,3.0,0.5674112503416178
rts24,0.2,random,366,9,0.2110155114097152,False,,,,,
rts24,0.2,random,367,9,0.20561302726841146,True,1514637.2740549492,1507312.630947814,8.0,3.0,0.4835905752884141
rts24,0.2,random,368,8,0.2007849492214064,False,,,,,
rts24,0.2,random,369,7,0.22218077844321174,True,1452101.7996307341,1443683.5533627186,8.0,3.0,0.5797283820016149
rts24,0.2,random,371,5,0.23169159261765984,False,,,,,
rts24,0.2,random,372,7,0.2040508635403866,False,,,,,
rts24,0.2,random,375,10,0.2091945229445013,True,1490543.4518368798,1482097.4656918908,8.0,3.0,0.5666380362531914
rts24,0.2,random,378,6,0.2262571810664182,True,1473316.4445172923,1467294.920874302,8.0,3.0,0.40870538473919804
rts24,0.2,random,383,10,0.20619435011516618,True,1502735.2510498096,1494464.5052293274,8.0,2.999999999999998,0.5503794374095055
rts24,0.2,random,386,10,0.21998792207415768,True,1475728.2571051505,1466962.5514745081,8.0,3.0278646670353004,0.5939918537466736
rts24,0.2,random,387,6,0.20569910896813057,True,1504486.8566407615,1497507.850587556,8.0,3.0,0.46387949634790415
rts24,0.2,random,388,4,0.21012889376947994,True,1483434.5877839732,1474451.638152738,8.0,3.0,0.605550774210696
rts24,0.2,random,389,9,0.21989505348481242,True,1459720.369992899,1450000.8001085704,8.0,3.0,0.6658514934867915
rts24,0.2,random,392,8,0.21998714464860805,False,,,,,
rts24,0.2,random,393,5,0.21393341575584493,True,1477375.3914761373,1467810.821458684,8.0,3.0,0.6474028248092537
rts24,0.2,random,394,7,0.20276905601072792,True,1521564.2078192725,1514913.3358322217,8.0,3.0,0.4371075471460379
rts24,0.2,random,395,6,0.20561231794725984,True,1511687.696651114,1503297.025273087,8.0,3.0,0.5550532293551803
rts24,0.2,random,397,10,0.20521021148509042,True,1506342.2929570472,1496819.2949340574,8.0,3.0,0.6321934972890906
rts24,0.2,random,399,6,0.20298607303663654,True,1510044.7165183907,1501680.0703263981,8.0,3.0,0.5539336749760875
rts24,0.4,smallest-first,-1,25,0.4446609744905491,True,867644.6074672171,858231.6155178216,6.75,3.0,1.0848902728587715
rts24,0.4,random,1,14,0.43747827021192076,True,861809.9954648023,850045.9193266517,6.75,3.0,1.3650428980933065
rts24,0.4,random,8,13,0.455799413877913,True,812312.9513469808,796635.0097857167,20.56367924528302,3.0,1.9300371285804163
rts24,0.4,random,13,12,0.449386611215189,True,844331.4847748593,833402.1747001465,6.75,3.0,1.294433557411048
rts24,0.4,random,18,14,0.42893368618034944,True,877316.9372213897,865153.6294180019,6.75,3.0,1.3864211765831298
rts24,0.4,random,28,15,0.4561039995299519,True,809539.4624181577,796549.4545084576,12.75,3.0,1.6046170091446794
rts24,0.4,random,30,17,0.43781355830532787,True,868592.7335154761,856124.5330622675,6.75,3.0,1.4354483951006356
rts24,0.4,random,32,13,0.42527729850651136,True,903914.0289515511,892241.0916779303,6.75,3.0,1.2913769340608832
rts24,0.4,random,38,16,0.4360719843755274,True,853201.9783725978,840354.178272367,6.75,3.0,1.505833369577601
rts24,0.4,random,43,14,0.4635523130235038,True,803065.3184659475,790650.3520313719,11.125,3.0,1.545947278397137
rts24,0.4,random,45,16,0.42796745603747255,True,889905.8414663605,877852.1479279383,6.75,3.0,1.3544908884473117
rts24,0.4,random,47,8,0.46420045423902084,True,812971.5482517371,807890.8304488242,11.125,3.0,0.6249564100784104
rts24,0.4,random,48,14,0.44549555997372653,True,844331.9356909307,832429.1031602676,6.75,3.0,1.4097337821200417
rts24,0.4,random,49,17,0.43275611665391334,True,876215.7747682054,864210.9369279663,6.75,3.0,1.3700778034285925
rts24,0.4,random,55,16,0.4313131189120754,True,867750.0855343059,854783.3987286785,6.75,3.0,1.4942881622009125
rts24,0.4,random,64,13,0.43247654183906625,False,,,,,
rts24,0.4,random,66,17,0.436542282777411,True,868113.0983666326,856075.8631357723,6.75,3.0,1.3865975819865561
rts24,0.4,random,68,14,0.43899635791873487,True,867862.1787293873,856127.1365406495,6.75,3.0,1.3521780849948821
rts24,0.4,random,69,14,0.43121411117553365,True,867484.9423136001,850282.9763833872,23.326415094339623,3.0,1.9829699734424064
rts24,0.4,random,70,14,0.430450866598784,False,,,,,
rts24,0.4,random,74,10,0.46319084503875213,True,795753.9610506205,782900.7545370753,6.75,3.0,1.6152236925814822
rts24,0.4,random,76,13,0.4345649565078544,True,889446.6164672936,879378.622186198,6.75,3.0,1.1319391287454277
rts24,0.4,random,79,14,0.42581117947885155,True,890109.7718594949,877896.7820319332,6.75,3.0,1.3720768172276054
rts24,0.4,random,80,14,0.44264582901982685,True,835191.3089182763,816706.9791152908,23.326415094339623,3.0,2.2131851236486266
rts24,0.4,random,86,16,0.454398758054616,True,833128.8051509977,821043.1009534774,6.75,3.0,1.4506405399498628
rts24,0.4,random,88,14,0.44123909562805536,True,834853.4987205277,819677.4989292456,20.72388059701492,3.0,1.8178039397978698
rts24,0.4,random,89,13,0.4453273396536318,True,839662.3055986539,822559.7616914276,20.56367924528302,3.0,2.036835974794974
rts24,0.4,random,91,17,0.4339160378667877,True,873599.3753752083,861491.6754300263,6.75,3.0,1.385955655014274
rts24,0.4,random,93,15,0.43520405264804074,True,888166.2456640601,877735.6808013347,6.75,3.0,1.1743932978365739
rts24,0.4,random,95,13,0.4577141782208517,True,821347.2266118188,809742.4397831971,6.75,3.0,1.4128965743870758
rts24,0.4,random,96,11,0.4250240171305364,True,890857.8269292462,878265.0931438523,6.75,3.0,1.413551456218392
rts24,0.4,random,98,19,0.44458586597808897,True,850526.8864153897,839406.6895270017,6.75,3.0,1.3074480144013947
rts24,0.4,random,106,14,0.43638155229823283,True,866628.0054413598,853823.8881021584,6.75,3.0,1.4774640628744111
rts24,0.4,random,108,14,0.43036626545561485,True,883153.810733999,873243.7225232052,6.75,3.0,1.122124831523674
rts24,0.4,random,113,11,0.45722552395610083,True,802634.2501932535,787703.8091778834,24.227690404665136,3.0,1.8601799028355954
rts24,0.4,random,114,15,0.42916861169345694,True,881188.6678650768,868642.3725822726,6.75,3.0,1.4237921730429244
rts24,0.4,random,115,9,0.4321668378633797,True,868045.5865277583,855030.1652881353,6.75,3.0,1.4993937463221902
rts24,0.4,random,122,14,0.4506631187816326,True,818621.3572198163,799125.7724144636,23.326415094339623,3.0,2.381514314696504
rts24,0.4,random,124,12,0.44804217383422434,True,828550.6161707755,815331.3873438154,13.599173553719005,3.0,1.5954642443033826
rts24,0.4,random,125,15,0.4445473558235459,True,838490.3242197629,825453.8193885221,9.045706371191134,3.0,1.5547591253806856
rts24,0.4,random,126,12,0.4272487288471607,True,878239.041929085,865291.9669342365,6.75,3.0,1.474208544226164
rts24,0.4,random,129,18,0.4298260636965107,True,887925.3018592751,875881.3872889216,6.75,3.0,1.3564107864855357
rts24,0.4,random,131,14,0.453910103789865,True,819369.9968206007,800065.0306979741,20.56367924528302,3.0,2.35607432509557
rts24,0.4,random,133,14,0.43899635791873487,True,867862.1787293871,856127.1365406497,6.75,3.0,1.3521780849948288
rts24,0.4,random,134,19,0.44376781954883815,True,831658.3987399399,818693.5040666411,6.75,3.0,1.5589206689840622
rts24,0.4,random,135,17,0.43718667888081236,True,887395.349503963,877569.6617523243,6.75,3.0,1.1072503092484172
rts24,0.4,random,137,10,0.4435064645438773,True,837296.2292051566,824794.8668227924,23.326415094339623,3.0,1.4930632608045573
rts24,0.4,random,143,17,0.43908392654486517,True,872890.2045577964,862524.2549228106,6.75,3.0,1.1875433566398108
rts24,0.4,random,145,16,0.42582339619452253,True,902237.0438776813,890870.1534223156,6.750000000000003,3.0,1.2598563240667258
rts24,0.4,random,146,12,0.43661614776145913,True,858278.0581225059,842584.6122490182,23.326415094339623,3.0,1.8284803770723619
rts24,0.4,random,148,12,0.4371855714053815,True,868626.247315528,858673.965058825,6.75,3.0,1.1457496578603672
rts24,0.4,random,149,12,0.46119575887202036,True,801639.5325367061,786990.8469991174,17.9854271960539,3.0,1.8273407115083762
rts24,0.4,random,151,14,0.43164634284057307,True,894144.1472849072,883066.9026825979,6.75,3.0,1.2388656388285557
rts24,0.4,random,161,17,0.4450242409280042,True,837260.1727292279,822392.4929818527,20.91348973607038,3.0,1.775753849476779
rts24,0.4,random,164,10,0.43573598696096877,True,855664.6278104701,842045.8211569759,23.326415094339623,3.0,1.5916056607765607
rts24,0.4,random,169,11,0.4555693409523521,True,823408.9539751477,811650.4845897456,6.75,3.0,1.428023016829732
rts24,0.4,random,172,7,0.4350794422462945,True,854653.6598549264,840093.1225428439,18.918282548476455,3.0,1.7036769390953133
rts24,0.4,random,173,14,0.42795523932180163,True,877909.4661894947,865029.5061184702,6.75,3.0,1.4671171193687045
rts24,0.4,random,175,9,0.42714178353461424,False,,,,,
rts24,0.4,random,181,12,0.44151137837714555,True,844830.492984682,829122.624087082,21.563679245283016,3.0,1.8592923702488553
rts24,0.4,random,182,11,0.448184678133655,True,827217.0755260696,809337.0962149109,23.326415094339623,3.0,2.1614615848914833
rts24,0.4,random,183,11,0.4403155226843761,True,861815.7382821852,851198.3368246406,11.75,3.0,1.23198045544024
rts24,0.4,random,184,15,0.4408975548522825,True,851299.7499369362,835710.020400068,23.326415094339623,3.0,1.8312855769102534
rts24,0.4,random,185,15,0.43995114895120024,True,848837.2092148009,832635.2982303272,22.68475073313783,3.0,1.9087182805594598
rts24,0.4,random,186,15,0.4440826874347585,True,861267.8407280375,851104.4913977039,6.75,3.0,1.1800451438825896
rts24,0.4,random,188,20,0.43807251909549794,True,858675.4396001503,846615.6759752019,6.75,3.0,1.404461228163715
rts24,0.4,random,189,8,0.44135018798525627,True,844358.6044626186,831689.6774886561,6.75,3.0,1.5004201895976932
rts24,0.4,random,191,7,0.43532050690659846,True,859061.8461235219,844913.6168005393,12.75,3.0,1.6469395523530528
rts24,0.4,random,198,15,0.46260410887332315,True,797828.0059918901,782274.8060711755,20.563679245283016,3.0,1.9494427124525757
rts24,0.4,random,200,10,0.42733378972333097,True,925032.534206151,917477.8766977215,6.75,3.0,0.8166910058912449
rts24,0.4,random,209,10,0.44588589727560324,True,830715.6415049948,817173.3365724339,14.088424437299034,3.0,1.6301974172565838
rts24,0.4,random,212,13,0.44004323993528593,True,852540.5986879356,840638.5499269582,6.75,3.0,1.3960682669300173
rts24,0.4,random,215,12,0.4290810430673266,True,883829.504091325,871002.2459354395,6.75,3.0,1.451327218259516
rts24,0.4,random,222,16,0.42907652052966133,True,886057.50428474,873516.5506060431,6.75,3.0,1.4153656639723882
rts24,0.4,random,224,16,0.44059547695020357,True,835044.6139155937,820545.1712143947,22.397091022833905,3.0,1.7363674299041199
rts24,0.4,random,225,9,0.44343725196032435,True,859820.3203931465,849503.6505366901,6.75,3.0,1.1998634612100259
rts24,0.4,random,234,9,0.4319200256844825,True,863956.5718623709,851110.115307436,6.75,3.0,1.4869331368407503
rts24,0.4,random,235,13,0.4297775826307735,True,867240.9630324647,851641.3154729606,20.72388059701492,3.0,1.7987673812082348
rts24,0.4,random,237,17,0.4443127603603195,True,848741.4835620872,836538.4435379397,6.75,3.0,1.4377805563282342
rts24,0.4,random,239,18,0.4434513472310095,True,834567.5271806583,821401.1242537112,13.599173553719005,3.0,1.5776318270405199
rts24,0.4,random,241,14,0.4263188805598474,True,874549.760205133,860113.6537886488,23.326415094339623,3.0,1.6506901120295447
rts24,0.4,random,242,14,0.45215569047512416,True,841198.646685522,828355.2791262058,11.125,3.0,1.5267936544978356
rts24,0.4,random,246,9,0.44232818746813557,True,839682.4564854326,824572.4684787627,21.550775740479548,3.0,1.7994883530036037
rts24,0.4,random,250,13,0.4470939696840436,True,827170.8298339371,808267.4071276239,23.326415094339623,3.0,2.28531060628773
rts24,0.4,random,254,14,0.4539775181243196,True,813157.9605675736,798734.0493586378,23.326415094339623,3.0,1.7738141798265223
rts24,0.4,random,256,14,0.4432902251232282,True,842466.3780734217,828518.7202785602,20.913489736070375,3.0,1.655574413160251
rts24,0.4,random,257,16,0.42861185214087394,True,908856.5336544601,899181.809861899,6.750000000000001,3.0,1.0644940575669943
rts24,0.4,random,258,18,0.43843204042083733,True,856795.544489677,843946.4604624633,6.750000000000003,3.0,1.499667465575673
rts24,0.4,random,262,13,0.4572434324432998,True,811062.8229402659,794779.1774281487,21.314742003887613,3.0,2.007692259039281
rts24,0.4,random,263,15,0.4270131125603856,True,900610.7979160891,889717.4625309198,6.75,3.0,1.2095497200761074
rts24,0.4,random,265,17,0.45590533836691066,True,813338.103796587,800515.3142490418,6.75,3.0,1.5765632383002275
rts24,0.4,random,268,15,0.4325028352779384,True,862828.9398766251,850006.9729571829,6.75,3.0,1.4860381156519358
rts24,0.4,random,270,14,0.43432473103153185,True,859750.8704365805,846633.9898293004,10.631110980691354,3.0,1.5256606370888963
rts24,0.4,random,278,17,0.4599383166693056,True,808888.3068646011,796308.0367618493,12.408167495854064,3.0,1.5552542911041967
rts24,0.4,random,279,7,0.4621252771094525,False,,,,,
rts24,0.4,random,280,10,0.4389891112961076,True,845025.7998835287,826254.6995562146,20.72388059701492,3.0,2.2213641678042686
rts24,0.4,random,282,17,0.44606622095590953,True,863099.803271276,851856.2037998887,6.75,3.0,1.302699806994778
rts24,0.4,random,286,13,0.4523113642093767,True,812751.6959204061,795741.1986837903,23.326415094339623,3.0,2.092951306284536
rts24,0.4,random,287,12,0.4315968409512869,True,874618.0689023362,861106.9214099175,12.75,3.0,1.5448054382612308
rts24,0.4,random,290,17,0.4267154436608027,True,894697.4897502168,882789.0042582278,6.75,3.0,1.331006918921131
rts24,0.4,random,292,18,0.4276083822675117,True,891410.2393124932,881011.8337946968,6.75,3.0,1.166511787638456
rts24,0.4,random,295,14,0.44756076619210067,True,845354.3880269248,834526.3316321161,6.75,3.0,1.2808895947274384
rts24,0.4,random,300,14,0.434776673570548,True,867555.5543116408,855912.0067883998,12.75,3.0,1.342109731806116
rts24,0.4,random,301,17,0.45184786505445196,True,825061.621765049,811438.8811517425,18.552908113391982,3.0,1.651117959427501
rts24,0.4,random,302,16,0.4264739316248303,True,902041.2234233768,890398.2587013067,6.75,3.0,1.2907353255856102
rts24,0.4,random,303,13,0.45058201935258,True,826558.6426872424,809223.5104322841,20.56367924528302,3.0,2.097265863508444
rts24,0.4,random,308,13,0.42679447892494593,False,,,,,
rts24,0.4,random,310,14,0.44288120190860286,True,837129.1061852088,822453.0973675128,20.824038867765104,3.0,1.7531356524651829
rts24,0.4,random,311,12,0.43574245615804635,True,865078.084385548,852673.9819089891,6.75,3.0,1.43387084940076
rts24,0.4,random,316,14,0.42633064972014,True,906763.1665086744,897506.9199251839,6.75,3.0,1.020800902084499
rts24,0.4,random,319,14,0.43335817101848373,True,857957.7023644227,837314.9411229728,23.326415094339623,3.0,2.4060348411770347
rts24,0.4,random,320,19,0.44606001370431514,True,842798.0763567891,830596.9995948036,6.75,3.0,1.4476868308394617
rts24,0.4,random,325,15,0.4469267885552718,True,833655.8864460677,820599.5677035567,8.156236962870242,3.0,1.5661520484394302
rts24,0.4,random,329,12,0.43057501503534734,False,,,,,
rts24,0.4,random,335,9,0.4251599347273923,True,901385.3733000745,892692.5238834681,12.75,3.0,0.9643876719211506
rts24,0.4,random,338,15,0.4248945687307581,True,885949.1303173259,873506.4083525147,6.75,3.0,1.4044510614683396
rts24,0.4,random,342,16,0.4294846364559072,False,,,,,
rts24,0.4,random,345,18,0.44622836388723963,True,836539.2641734971,824593.6706229378,6.75,3.0,1.427977629043094
rts24,0.4,random,348,14,0.44851905893868255,True,828280.4291726468,812191.0549334765,23.326415094339623,3.0,1.942503247993159
rts24,0.4,random,355,18,0.4468956385708836,True,848566.4704378792,837289.615782018,6.75,3.0,1.3289300306718514
rts24,0.4,random,356,11,0.46428802286515125,True,795013.1869039166,782090.5078590567,11.125,3.0,1.625467257365349
rts24,0.4,random,357,11,0.45184591839503974,False,,,,,
rts24,0.4,random,365,14,0.4312258803358263,True,887145.6851296653,875394.8281097676,6.75,3.0,1.324569032670227
rts24,0.4,random,368,15,0.44028475215096824,True,841586.5244804,826007.7824687937,23.326415094339623,3.0,1.851115905310478
rts24,0.4,random,373,14,0.4463692515771393,True,835508.0123842214,822368.1592235549,9.045706371191134,3.0,1.5726782946306406
rts24,0.4,random,381,11,0.4440640015220098,False,,,,,
rts24,0.4,random,383,17,0.4525479063320153,True,816604.6778365888,801003.1121088488,20.91348973607038,3.0,1.9105408224053912
rts24,0.4,random,388,13,0.4547140053915165,False,,,,,
rts24,0.4,random,395,16,0.45781318613710337,True,822455.94575817,811358.0992724478,6.75,3.0,1.3493545208055888
rts24,0.4,random,398,9,0.43833334400698293,True,859134.5290330478,845175.2437726085,12.75,3.0,1.624807848911683
