case,share,dispatch,step,box_quoted,box_left,box_right,current_quoted,current_left,current_right,overlap,ratio_quoted,ratio_low,ratio_high
ieee39,0.2,0.8,1.0,8.0,8.000000000019403,8.0,3.0,3.0,3.0,False,2.6666666666666665,2.6666666666731342,2.6666666666666665
ieee39,0.2,0.8,0.25,8.0,8.0,8.0,3.0,3.0,3.0,False,2.6666666666666665,2.6666666666666665,2.6666666666666665
ieee39,0.2,0.8,0.01,8.0,8.000000005510325,8.000000001629815,3.0,2.999999995032946,2.999999995032946,False,2.6666666666666665,2.6666666729186006,2.666666671625097
ieee39,0.2,1.0,1.0,41.0,41.000000000019405,41.000000000019405,3.0,3.0,3.0,False,13.666666666666666,13.666666666673136,13.666666666673136
ieee39,0.2,1.0,0.25,41.0,40.99999999992239,41.00000000007761,3.0,3.0,3.0,False,13.666666666666666,13.666666666640795,13.666666666692537
ieee39,0.2,1.0,0.01,41.0,41.00000000714014,40.999999993558355,3.0,2.999999995032946,3.0000000105549893,False,13.666666666666666,13.666666620962872,13.666666687147142
ieee39,0.4,0.8,1.0,8.0,8.0,8.0,3.0,3.0,3.0,False,2.6666666666666665,2.6666666666666665,2.6666666666666665
ieee39,0.4,0.8,0.25,8.0,8.0,8.0,3.0,3.0,3.0,False,2.6666666666666665,2.6666666666666665,2.6666666666666665
ieee39,0.4,0.8,0.01,8.0,7.999999991928537,8.000000005510325,3.0,2.999999995032946,2.999999995032946,False,2.6666666666666665,2.666666668391338,2.6666666729186006
ieee39,0.4,1.0,1.0,41.0,41.0,40.999999999980595,3.0,3.0,3.0,False,13.666666666666666,13.666666666666666,13.666666666660198
ieee39,0.4,1.0,0.25,41.0,41.0,40.99999999992239,3.0,3.0,3.0,False,13.666666666666666,13.666666666666666,13.666666666640795
ieee39,0.4,1.0,0.01,41.0,40.99999999937912,41.00000000325963,3.0,3.0000000027939677,3.0000000027939677,False,13.666666666666666,13.666666653731632,13.666666655025134
rts24,0.2,0.8,1.0,8.0,8.000000000038805,7.999999999941792,3.002981761677058,3.002981761674164,3.002981761674164,False,2.664018843568429,2.6640188435839187,2.6640188435516134
rts24,0.2,0.8,0.25,8.0,8.00000000015522,7.999999999767169,3.002981761677058,3.0029817617032677,3.0029817616644627,False,2.664018843568429,2.664018843631291,2.6640188434676446
rts24,0.2,0.8,0.01,8.0,7.999999999689559,7.9999999987194315,3.002981761677058,3.0029817639539638,3.00298175716307,False,2.664018843568429,2.6640188474695212,2.6640188411220977
rts24,0.2,1.0,1.0,41.0,41.0,41.0,3.0,3.0,3.0,False,13.666666666666666,13.666666666666666,13.666666666666666
rts24,0.2,1.0,0.25,41.0,41.0,41.0,3.0,3.0,3.0,False,13.666666666666666,13.666666666666666,13.666666666666666
rts24,0.2,1.0,0.01,41.0,41.000000000349246,41.000000000349246,3.0,2.999999995032946,2.999999995032946,False,13.666666666666666,13.666666689410771,13.666666689410771
rts24,0.4,0.8,1.0,6.75,6.75,6.75,3.0,3.0,3.0,False,2.25,2.25,2.25
rts24,0.4,0.8,0.25,6.75,6.75,6.75,3.0,3.0,3.0,False,2.25,2.25,2.25
rts24,0.4,0.8,0.01,6.75,6.749999999980598,6.749999997555278,3.0,2.999999995032946,3.0000000027939677,False,2.25,2.249999997898057,2.250000002910383
rts24,0.4,1.0,1.0,23.25,23.25,23.25,3.0,3.0,3.0,False,7.75,7.75,7.75
rts24,0.4,1.0,0.25,23.25,23.25,23.25,3.0,3.0,3.0,False,7.75,7.75,7.75
rts24,0.4,1.0,0.01,23.25,23.249999998855248,23.249999998855248,3.0,3.0000000027939677,2.999999998913457,False,7.75,7.750000002425319,7.749999992400666
