case,share,p_over_s,bound,feasible,cost_box,cost_set,gap_pct,price_inertia_box,price_inertia_set
ieee39,0.2,1.0,S,True,3479414.9834000133,3444028.093141914,-1.0170356346376388,8.0,3.0
ieee39,0.2,1.0,P_sch,True,3479414.9834000133,3444028.093141914,-1.0170356346376388,8.0,3.0
ieee39,0.2,0.95,S,True,3413891.446557908,3380591.2931419136,-0.9754309396559602,8.0,3.0
ieee39,0.2,0.95,P_sch,True,3478915.0803606114,3380591.2931419136,-2.8262773004653496,41.0,3.0
ieee39,0.2,0.9,S,True,3341087.516733347,3310105.9598085806,-0.927289595666076,8.0,3.0
ieee39,0.2,0.9,P_sch,True,3478915.080360611,3310105.9598085806,-4.852349558774867,41.0,3.0
ieee39,0.2,case,S,True,3383433.0526730237,3351102.911801133,-0.9555425027945785,8.0,3.0
ieee39,0.2,case,P_sch,True,3478915.0803606114,3351102.911801133,-3.6739088367236046,41.0,3.0
ieee39,0.4,1.0,S,True,2622102.188576671,2608132.219933704,-0.5327774296451047,7.9999999999999964,3.0000000000000013
ieee39,0.4,1.0,P_sch,True,2622102.188576671,2608132.219933704,-0.5327774296451047,7.9999999999999964,3.0000000000000013
ieee39,0.4,0.95,S,True,2505095.8727871967,2494852.219933704,-0.40891260748816965,8.0,3.0
ieee39,0.4,0.95,P_sch,True,2523727.451734565,2494852.219933704,-1.1441501649084636,8.0,3.0
ieee39,0.4,0.9,S,True,2375088.855243337,2368985.553267038,-0.2569715218369633,8.0,3.0
ieee39,0.4,0.9,P_sch,True,2480250.602877386,2368985.553267038,-4.486040623526802,41.0,3.0
ieee39,0.4,case,S,True,2441304.3396066884,2433092.2642430216,-0.3363806482640249,8.0,3.0
ieee39,0.4,case,P_sch,True,2480250.6028773864,2433092.2642430216,-1.901353781737034,41.0,3.0
rts24,0.2,1.0,S,True,1523227.325547829,1513737.876516548,-0.6229831143469127,11.060941828254846,3.0
rts24,0.2,1.0,P_sch,True,1523227.325547829,1513737.876516548,-0.6229831143469127,11.060941828254846,3.0
rts24,0.2,0.95,S,True,1504432.2526560947,1494382.9654017547,-0.667978716661908,8.0,3.003045377296438
rts24,0.2,0.95,P_sch,True,1509848.2951191547,1494382.9654017547,-1.024296928863275,17.132231404958674,3.003045377296438
rts24,0.2,0.9,S,True,1483946.7101571877,1475701.5029339392,-0.5556269080831789,8.0,3.0
rts24,0.2,0.9,P_sch,True,1500783.3181125447,1475701.5029339392,-1.6712482658822168,30.10188679245283,3.0
rts24,0.2,case,S,True,1495570.1630177037,1485458.586423073,-0.6761017867746153,8.0,3.002981761677058
rts24,0.2,case,P_sch,True,1506502.5337043307,1485458.586423073,-1.3968743371119907,30.10188679245283,3.002981761677058
rts24,0.4,1.0,S,True,957612.0546351826,905496.8971787903,-5.442199396314659,24.852690404665136,3.0
rts24,0.4,1.0,P_sch,True,957612.0546351826,905496.8971787903,-5.442199396314659,24.852690404665136,3.0
rts24,0.4,0.95,S,True,903170.2913862913,879091.0230075526,-2.666082864813787,23.326415094339623,3.0
rts24,0.4,0.95,P_sch,True,944101.110224098,879091.0230075526,-6.8859242418552125,25.20487220447284,3.0
rts24,0.4,0.9,S,True,863554.14558325,854297.916623037,-1.0718759220316525,6.75,3.0
rts24,0.4,0.9,P_sch,True,931142.5660536821,854297.916623037,-8.252726513870371,32.125,3.0
rts24,0.4,case,S,True,867644.6074672171,858231.6155178216,-1.0848902728587715,6.75,3.0
rts24,0.4,case,P_sch,True,932237.8342553772,858231.6155178216,-7.938555593666487,25.562005180334282,3.0
