case,share,fraction,residual,diverged,closes
ieee39,0.2,0.05,0.0,False,True
ieee39,0.2,0.075,0.0,False,True
ieee39,0.2,0.1,0.0,False,True
ieee39,0.2,0.125,0.0,False,True
ieee39,0.2,0.15,0.0,False,True
ieee39,0.2,0.175,0.0,False,True
ieee39,0.2,0.2,0.0,False,True
ieee39,0.2,0.225,0.0,False,True
ieee39,0.2,0.25,0.0,False,True
ieee39,0.2,0.275,3.4367211504456815e-06,False,False
ieee39,0.2,0.3,6.481937390248303e-08,False,False
ieee39,0.2,0.325,0.0,False,True
ieee39,0.2,0.35,0.0,False,True
ieee39,0.2,0.375,0.0,False,True
ieee39,0.2,0.4,0.0,False,True
ieee39,0.2,0.425,0.0,False,True
ieee39,0.2,0.45,0.0,False,True
ieee39,0.2,0.475,0.0,False,True
ieee39,0.2,0.5,8.341650508558679e-14,False,True
ieee39,0.4,0.05,,True,False
ieee39,0.4,0.075,,True,False
ieee39,0.4,0.1,,True,False
ieee39,0.4,0.125,,True,False
ieee39,0.4,0.15,,True,False
ieee39,0.4,0.175,,True,False
ieee39,0.4,0.2,,True,False
ieee39,0.4,0.225,,True,False
ieee39,0.4,0.25,,True,False
ieee39,0.4,0.275,9.516321205371296e-06,False,False
ieee39,0.4,0.3,4.276293630039837e-06,False,False
ieee39,0.4,0.325,0.0,False,True
ieee39,0.4,0.35,0.0,False,True
ieee39,0.4,0.375,1.8113037838327158e-10,False,True
ieee39,0.4,0.4,1.1588535092060208e-07,False,False
ieee39,0.4,0.425,0.0,False,True
ieee39,0.4,0.45,1.8021685218695228e-08,False,False
ieee39,0.4,0.475,1.2102553932265033e-06,False,False
ieee39,0.4,0.5,7.277961140938506e-08,False,False
rts24,0.2,0.05,4.930380657631324e-32,False,True
rts24,0.2,0.075,4.930380657631324e-32,False,True
rts24,0.2,0.1,0.0,False,True
rts24,0.2,0.125,0.0,False,True
rts24,0.2,0.15,0.0,False,True
rts24,0.2,0.175,0.0,False,True
rts24,0.2,0.2,0.0,False,True
rts24,0.2,0.225,0.0,False,True
rts24,0.2,0.25,7.228172931645768e-05,False,False
rts24,0.2,0.275,9.02495632351711e-05,False,False
rts24,0.2,0.3,0.00011128130955523146,False,False
rts24,0.2,0.325,0.0001465456721081621,False,False
rts24,0.2,0.35,0.00015571833853582034,False,False
rts24,0.2,0.375,0.00020071023127318812,False,False
rts24,0.2,0.4,0.00014824226455773223,False,False
rts24,0.2,0.425,0.00016750457692322234,False,False
rts24,0.2,0.45,0.00010176941514433088,False,False
rts24,0.2,0.475,0.00023081815150623178,False,False
rts24,0.2,0.5,0.000242871560604278,False,False
rts24,0.4,0.05,0.0,False,True
rts24,0.4,0.075,0.0,False,True
rts24,0.4,0.1,0.0,False,True
rts24,0.4,0.125,6.396865817792594e-17,False,True
rts24,0.4,0.15,0.0,False,True
rts24,0.4,0.175,7.0757886591134945e-06,False,False
rts24,0.4,0.2,6.95477361863252e-06,False,False
rts24,0.4,0.225,1.2367469134300157e-05,False,False
rts24,0.4,0.25,2.6308267320983284e-05,False,False
rts24,0.4,0.275,1.6451588774667423e-05,False,False
rts24,0.4,0.3,3.9260406984601084e-05,False,False
rts24,0.4,0.325,1.2167888634515221e-05,False,False
rts24,0.4,0.35,2.6329493773439218e-05,False,False
rts24,0.4,0.375,5.766367811534644e-05,False,False
rts24,0.4,0.4,8.199822073080504e-05,False,False
rts24,0.4,0.425,4.554498556322852e-05,False,False
rts24,0.4,0.45,2.2846181817581083e-05,False,False
rts24,0.4,0.475,1.0828869818202114e-06,False,False
rts24,0.4,0.5,1.027620729320228e-06,False,False
