case,share,axis,value,cost_box,cost_set,price_box,price_set,gap_pct,shift_pct
ieee39,0.2,reference,0.0,3383433.0526730237,3351102.911801133,8.0,3.0,0.9555425027945785,0.0
ieee39,0.2,rocof,0.5,3689094.2442489844,3374981.1294034026,41.0,3.0,8.514640560762581,7.5590980579680025
ieee39,0.2,rocof,1.0,3383433.0526730237,3351102.911801133,8.0,3.0,0.9555425027945785,0.0
ieee39,0.2,rocof,1.5,3327224.6941988636,3327224.694198863,3.0,3.0,1.3995486632436833e-14,-0.9555425027945645
ieee39,0.2,rocof,2.0,3319659.347005672,3319659.3470056714,0.0,0.0,1.4027381686851848e-14,-0.9555425027945645
ieee39,0.2,sync_inertia,3.0,3525926.4239668106,3363042.0206022677,41.0,3.0,4.619620031131883,3.6640775283373044
ieee39,0.2,sync_inertia,4.0,3383433.0526730237,3351102.911801133,8.0,3.0,0.9555425027945785,0.0
ieee39,0.2,sync_inertia,6.0,3327224.6941988636,3327224.694198863,3.0,3.0,1.3995486632436833e-14,-0.9555425027945645
ieee39,0.2,storage_hours,1.0,3362758.6036846368,3277950.911801133,41.00000000000001,3.0,2.5219678804948584,1.56642537770028
ieee39,0.2,storage_hours,2.0,3362758.6036846363,3302334.9118011333,41.0,3.0,1.7968489268690189,0.8413064240744403
ieee39,0.2,storage_hours,4.0,3383433.0526730237,3351102.911801133,8.0,3.0,0.9555425027945785,0.0
ieee39,0.2,storage_hours,8.0,3468135.368462497,3448638.9118011333,8.0,3.0,0.5621596215261581,-0.39338288126842047
ieee39,0.2,rating_pf,0.85,3259718.418694131,3231328.234318383,8.000000000000007,3.0,0.8709397785076592,-0.08460272428691928
ieee39,0.2,rating_pf,0.9,3341087.516733347,3310105.9598085806,8.0,3.0,0.927289595666076,-0.02825290712850248
ieee39,0.2,rating_pf,0.95,3413891.446557908,3380591.2931419136,8.0,3.0,0.9754309396559602,0.019888436861381642
ieee39,0.2,rating_pf,1.0,3479414.9834000133,3444028.093141914,8.0,3.0,1.0170356346376388,0.06149313184306027
ieee39,0.2,box_at_pmax,1.0,3478915.0803606114,3351102.911801133,41.0,3.0,3.6739088367236046,2.7183663339290263
ieee39,0.2,cycling_cost,0.0,3383433.0526730237,3351102.911801133,8.0,3.0,0.9555425027945785,0.0
ieee39,0.2,cycling_cost,1.0,3385999.789515129,3353669.648643238,8.0,3.0,0.9548181595286058,-0.0007243432659727045
ieee39,0.2,cycling_cost,2.0,3388566.5263572345,3356236.385485343,8.0,3.0,0.9540949135989585,-0.001447589195620047
ieee39,0.2,cycling_cost,5.0,3396266.73688355,3363936.596011659,8.0,3.0,0.9519317349483951,-0.003610767846183416
ieee39,0.2,reserve_overlap,0.0,3383433.0526730237,3351102.9118011333,8.0,3.0,0.9555425027945648,-1.3766765505351941e-14
ieee39,0.2,reserve_overlap,0.25,3383433.0526730237,3351102.9118011333,8.0,3.0,0.9555425027945648,-1.3766765505351941e-14
ieee39,0.2,reserve_overlap,0.5,3383433.0526730237,3351102.9118011333,8.0,3.0,0.9555425027945648,-1.3766765505351941e-14
ieee39,0.2,reserve_overlap,1.0,3383433.0526730237,3351102.911801133,8.0,3.0,0.9555425027945785,0.0
ieee39,0.2,polygon,8.0,3383433.0526730237,3351102.911801133,8.0,3.0,0.9555425027945785,0.0
ieee39,0.2,polygon,12.0,3383433.0526730237,3351102.911801133,8.0,3.0,0.9555425027945785,0.0
ieee39,0.2,polygon,24.0,3383433.0526730237,3351102.911801133,8.0,3.0,0.9555425027945785,0.0
ieee39,0.2,polygon,48.0,3383433.0526730237,3351102.911801133,8.0,3.0,0.9555425027945785,0.0
ieee39,0.2,polygon,96.0,3383433.0526730237,3351102.9118011324,8.0,3.0,0.9555425027945923,1.3766765505351941e-14
ieee39,0.2,polygon,192.0,3383433.0526730237,3351102.9118011333,8.0,3.0,0.9555425027945648,-1.3766765505351941e-14
ieee39,0.2,polygon,384.0,3383433.0526730237,3351102.911801133,8.0,3.0,0.9555425027945785,0.0
ieee39,0.2,voltage_shift,-0.05,3383433.0526730237,3351102.9118011333,8.0,3.0,0.9555425027945648,-1.3766765505351941e-14
ieee39,0.2,voltage_shift,-0.02,3383433.0526730237,3351102.911801134,8.0,3.0,0.955542502794551,-2.7533531010703882e-14
ieee39,0.2,voltage_shift,0.0,3383433.0526730237,3351102.911801133,8.0,3.0,0.9555425027945785,0.0
ieee39,0.2,voltage_shift,0.02,3383433.0526730237,3351102.911801133,8.0,3.0,0.9555425027945785,0.0
ieee39,0.2,voltage_shift,0.05,3383433.0526730237,3351102.911801133,8.0,3.0,0.9555425027945785,0.0
ieee39,0.2,offer_ratio,0.25,3314325.193536796,3306242.6583188227,2.0000000000000004,0.75,0.24386669219227508,-0.7116758106023034
ieee39,0.2,offer_ratio,0.5,3337361.1465822044,3321196.0761462594,3.9999999999999964,1.5,0.4843668313361775,-0.47117567145840106
ieee39,0.2,offer_ratio,1.0,3383433.0526730237,3351102.911801133,8.0,3.0,0.9555425027945785,0.0
ieee39,0.2,offer_ratio,2.0,3475576.8648546585,3410916.5831108796,16.0,6.0,1.8604186947389756,0.9048761919443971
ieee39,0.2,offer_ratio,4.0,3659864.489217931,3530543.9257303732,32.0,12.0,3.533479555555674,2.5779370527610954
ieee39,0.4,reference,0.0,2441304.3396066884,2433092.2642430216,8.0,3.0,0.3363806482640249,0.0
ieee39,0.4,rocof,0.5,2495254.3721872726,2450199.853066673,41.0,3.0,1.8056082627402044,1.4692276144761793
ieee39,0.4,rocof,1.0,2441304.3396066884,2433092.2642430216,8.0,3.0,0.3363806482640249,0.0
ieee39,0.4,rocof,1.5,2415984.6754193692,2415984.67541937,3.0,3.0,-3.854836432080508e-14,-0.33638064826406344
ieee39,0.4,rocof,2.0,2398877.086595718,2398877.0865957183,3.0,3.0,-1.941163596541606e-14,-0.33638064826404435
ieee39,0.4,sync_inertia,3.0,2464114.458038224,2441646.058654847,8.0,3.0,0.9118245019050281,0.5754438536410031
ieee39,0.4,sync_inertia,4.0,2441304.3396066884,2433092.2642430216,8.0,3.0,0.3363806482640249,0.0
ieee39,0.4,sync_inertia,6.0,2415984.6754193692,2415984.67541937,3.0,3.0,-3.854836432080508e-14,-0.33638064826406344
ieee39,0.4,storage_hours,1.0,2314250.8659224776,2286788.264243021,8.0,3.0,1.1866734969767256,0.8502928487127007
ieee39,0.4,storage_hours,2.0,2356602.0238172146,2335556.264243022,8.0,3.0,0.8930553127550462,0.5566746644910213
ieee39,0.4,storage_hours,4.0,2441304.3396066884,2433092.2642430216,8.0,3.0,0.3363806482640249,0.0
ieee39,0.4,storage_hours,8.0,2628164.2642430207,2628164.264243021,2.999999999999998,3.0,-1.7718119588003063e-14,-0.3363806482640426
ieee39,0.4,rating_pf,0.85,2229786.8944590227,2228311.0434631165,8.00000000000001,3.0,0.06618798413308573,-0.2701926641309392
ieee39,0.4,rating_pf,0.9,2375088.855243337,2368985.553267038,8.0,3.0,0.2569715218369633,-0.0794091264270616
ieee39,0.4,rating_pf,0.95,2505095.8727871967,2494852.219933704,8.0,3.0,0.40891260748816965,0.07253195922414474
ieee39,0.4,rating_pf,1.0,2622102.188576671,2608132.219933704,7.9999999999999964,3.0000000000000013,0.5327774296451047,0.19639678138107974
ieee39,0.4,box_at_pmax,1.0,2480250.6028773864,2433092.2642430216,41.0,3.0,1.901353781737034,1.5649731334730093
ieee39,0.4,cycling_cost,0.0,2441304.3396066884,2433092.2642430216,8.0,3.0,0.3363806482640249,0.0
ieee39,0.4,cycling_cost,1.0,2446437.8132908987,2438225.7379272324,8.0,3.0,0.33567480518213405,-0.0007058430818908668
ieee39,0.4,cycling_cost,2.0,2451571.2869751095,2443359.2116114427,8.0,3.0,0.33497191810397176,-0.001408730160053162
ieee39,0.4,cycling_cost,5.0,2466971.708027741,2458759.632664074,8.0,3.0,0.33288080835884504,-0.00349983990517988
ieee39,0.4,reserve_overlap,0.0,2441304.3396066884,2433092.264243021,8.0,3.0,0.33638064826404396,1.9040324872321435e-14
ieee39,0.4,reserve_overlap,0.25,2441304.3396066884,2433092.264243021,8.0,3.0,0.33638064826404396,1.9040324872321435e-14
ieee39,0.4,reserve_overlap,0.5,2441304.3396066884,2433092.264243021,8.0,3.0,0.33638064826404396,1.9040324872321435e-14
ieee39,0.4,reserve_overlap,1.0,2441304.3396066884,2433092.2642430216,8.0,3.0,0.3363806482640249,0.0
ieee39,0.4,polygon,8.0,2441304.3396066884,2433092.264243021,8.0,3.0,0.33638064826404396,1.9040324872321435e-14
ieee39,0.4,polygon,12.0,2441304.3396066884,2433092.264243021,8.0,3.0,0.33638064826404396,1.9040324872321435e-14
ieee39,0.4,polygon,24.0,2441304.3396066884,2433092.2642430216,8.0,3.0,0.3363806482640249,0.0
ieee39,0.4,polygon,48.0,2441304.3396066884,2433092.264243022,8.0,3.0,0.3363806482640058,-1.9095836023552692e-14
ieee39,0.4,polygon,96.0,2441304.3396066884,2433092.264243021,8.0,3.0,0.33638064826404396,1.9040324872321435e-14
ieee39,0.4,polygon,192.0,2441304.3396066884,2433092.264243021,8.0,3.0,0.33638064826404396,1.9040324872321435e-14
ieee39,0.4,polygon,384.0,2441304.3396066884,2433092.2642430216,8.0,3.0,0.3363806482640249,0.0
ieee39,0.4,voltage_shift,-0.05,2441304.3396066884,2433092.264243021,8.0,3.0,0.33638064826404396,1.9040324872321435e-14
ieee39,0.4,voltage_shift,-0.02,2441304.3396066884,2433092.264243021,8.0,3.0,0.33638064826404396,1.9040324872321435e-14
ieee39,0.4,voltage_shift,0.0,2441304.3396066884,2433092.2642430216,8.0,3.0,0.3363806482640249,0.0
ieee39,0.4,voltage_shift,0.02,2441304.3396066884,2433092.2642430216,8.0,3.0,0.3363806482640249,0.0
ieee39,0.4,voltage_shift,0.05,2441304.3396066884,2433092.2642430207,8.0,3.0,0.33638064826406305,3.813616089587413e-14
ieee39,0.4,offer_ratio,0.25,2380129.086433701,2378076.0675927848,1.9999999999999993,0.75,0.08625661745063683,-0.2501240308133881
ieee39,0.4,offer_ratio,0.5,2400520.8374913638,2396414.7998095304,3.9999999999999964,1.5,0.17104778336872684,-0.16533286489529808
ieee39,0.4,offer_ratio,1.0,2441304.3396066884,2433092.2642430216,8.0,3.0,0.3363806482640249,0.0
ieee39,0.4,offer_ratio,2.0,2522871.343837337,2506447.1931100036,16.000000000000007,6.0,0.6510102374999449,0.31462958923592
ieee39,0.4,offer_ratio,4.0,2686005.352298636,2653157.0508439685,32.0,12.0,1.2229425167212147,0.8865618684571898
rts24,0.2,reference,0.0,1495570.1630177037,1485458.586423073,8.0,3.002981761677058,0.6761017867746153,0.0
rts24,0.2,rocof,0.5,1606312.3505751651,1497535.8186439911,41.0,3.0045744884648626,6.771816944084683,6.095715157310067
rts24,0.2,rocof,1.0,1495570.1630177037,1485458.586423073,8.0,3.002981761677058,0.6761017867746153,0.0
rts24,0.2,rocof,1.5,1483114.282069133,1480787.3548725992,0.0,0.0,0.1568946658168036,-0.5192071209578117
rts24,0.2,rocof,2.0,1483114.282069133,1480787.3548725992,0.0,0.0,0.1568946658168036,-0.5192071209578117
rts24,0.2,sync_inertia,3.0,1531725.213326905,1491496.8431725297,31.303587206220183,3.002981761677058,2.6263437987678775,1.9502420119932622
rts24,0.2,sync_inertia,4.0,1495570.1630177037,1485458.586423073,8.0,3.002981761677058,0.6761017867746153,0.0
rts24,0.2,sync_inertia,6.0,1483114.282069133,1480787.3548725992,0.0,0.0,0.1568946658168036,-0.5192071209578117
rts24,0.2,storage_hours,1.0,1482064.4788071772,1471556.8882429954,8.0,3.0000307758680056,0.7089833616846893,0.03288157491007404
rts24,0.2,storage_hours,2.0,1486566.3735440194,1476081.1472523806,8.0,3.0000769013164743,0.7053318626225683,0.029230075847953008
rts24,0.2,storage_hours,4.0,1495570.1630177037,1485458.586423073,8.0,3.002981761677058,0.6761017867746153,0.0
rts24,0.2,storage_hours,8.0,1517199.054150599,1509654.261226596,8.0,3.0,0.49728431502528947,-0.17881747174932583
rts24,0.2,rating_pf,0.85,1461051.1038348798,1457096.7227481806,8.0,3.0,0.2706531671835417,-0.4054486195910736
rts24,0.2,rating_pf,0.9,1483946.7101571877,1475701.5029339392,8.0,3.0,0.5556269080831789,-0.12047487869143636
rts24,0.2,rating_pf,0.95,1504432.2526560947,1494382.9654017547,8.0,3.003045377296438,0.667978716661908,-0.008123070112707298
rts24,0.2,rating_pf,1.0,1523227.325547829,1513737.876516548,11.060941828254846,3.0,0.6229831143469127,-0.05311867242770263
rts24,0.2,box_at_pmax,1.0,1506502.5337043307,1485458.586423073,30.10188679245283,3.002981761677058,1.3968743371119907,0.7207725503373754
rts24,0.2,cycling_cost,0.0,1495570.1630177037,1485458.586423073,8.0,3.002981761677058,0.6761017867746153,0.0
rts24,0.2,cycling_cost,1.0,1499111.5327889994,1488842.3993602563,8.0,3.0218453276550794,0.6850146372790592,0.008912850504443903
rts24,0.2,cycling_cost,2.0,1502598.4375188882,1492217.436248038,8.0,3.0258914706675344,0.6908699631014821,0.014768176326866778
rts24,0.2,cycling_cost,5.0,1512210.1708569205,1501956.4544092142,7.999999999999999,3.0,0.6780615978727272,0.001959811098111941
rts24,0.2,reserve_overlap,0.0,1495570.1630177037,1485458.31309031,8.0,3.0000024366471734,0.676120062932415,1.8276157799701487e-05
rts24,0.2,reserve_overlap,0.25,1495570.1630177037,1485458.313247304,8.0,3.0000024366471734,0.676120052435149,1.8265660533756112e-05
rts24,0.2,reserve_overlap,0.5,1495570.1630177037,1485458.3139873582,8.0,3.0000060916179336,0.6761200029520612,1.8216177445906645e-05
rts24,0.2,reserve_overlap,1.0,1495570.1630177037,1485458.586423073,8.0,3.002981761677058,0.6761017867746153,0.0
rts24,0.2,polygon,8.0,1495570.1630177037,1491537.8248028948,8.0,3.0000000000000013,0.26961879251940585,-0.40648299425520945
rts24,0.2,polygon,12.0,1495570.1630177037,1487348.670085975,8.0,3.0,0.549722984252354,-0.1263788025222613
rts24,0.2,polygon,24.0,1495570.1630177037,1485458.586423073,8.0,3.002981761677058,0.6761017867746153,0.0
rts24,0.2,polygon,48.0,1495570.1630177037,1485319.7009503515,8.0,3.002962595436804,0.6853882432816897,0.009286456507074381
rts24,0.2,polygon,96.0,1495570.1630177037,1485277.036149631,8.0,3.004955132169341,0.6882409881261332,0.012139201351517914
rts24,0.2,polygon,192.0,1495570.1630177037,1485265.9237036235,8.0,3.002950317665166,0.6889840121769158,0.012882225402300551
rts24,0.2,polygon,384.0,1495570.1630177037,1485263.5342214662,8.0,3.0035596434519083,0.689143782826023,0.013041996051407656
rts24,0.2,voltage_shift,-0.05,1495570.1630177037,1489750.4401426502,8.0,2.999999999999993,0.38913071542633054,-0.28697107134828476
rts24,0.2,voltage_shift,-0.02,1495570.1630177037,1486819.01953983,8.0,3.038433018393871,0.5851376080020161,-0.09096417877259921
rts24,0.2,voltage_shift,0.0,1495570.1630177037,1485458.586423073,8.0,3.002981761677058,0.6761017867746153,0.0
rts24,0.2,voltage_shift,0.02,1495570.1630177037,1484683.1860671025,8.0,3.0,0.7279482581167498,0.05184647134213449
rts24,0.2,voltage_shift,0.05,1495570.1630177037,1484502.5686574674,8.0,3.0,0.7400250843400451,0.0639232975654298
rts24,0.2,offer_ratio,0.25,1473931.832445026,1471410.1645439733,1.9999999999999993,0.75,0.17108443182678054,-0.5050173549478347
rts24,0.2,offer_ratio,0.5,1481144.609302586,1476101.273500479,4.0,1.5,0.34050259309127134,-0.33559919368334395
rts24,0.2,offer_ratio,1.0,1495570.1630177037,1485458.586423073,8.0,3.002981761677058,0.6761017867746153,0.0
rts24,0.2,offer_ratio,2.0,1524421.2704479378,1503749.827431168,16.0,6.059635233541165,1.3560190622829416,0.6799172755083263
rts24,0.2,offer_ratio,4.0,1581724.823665114,1540281.4991192203,32.0,12.08715435992418,2.6201349264951572,1.944033139720542
rts24,0.4,reference,0.0,867644.6074672171,858231.6155178216,6.75,3.0,1.0848902728587715,0.0
rts24,0.4,rocof,0.5,911607.385805284,866105.0657441275,24.227690404665136,3.0,4.991438284691086,3.9065480118323146
rts24,0.4,rocof,1.0,867644.6074672171,858231.6155178216,6.75,3.0,1.0848902728587715,0.0
rts24,0.4,rocof,1.5,850372.9616577004,850358.1652915156,3.5921052631578942,3.0,0.0017399854948202138,-1.0831502873639514
rts24,0.4,rocof,2.0,845178.5159704335,845178.5159704335,0.0,0.0,0.0,-1.0848902728587715
rts24,0.4,sync_inertia,3.0,880479.4744063983,862168.3406309746,23.326415094339623,3.0,2.079677528856494,0.9947872559977224
rts24,0.4,sync_inertia,4.0,867644.6074672171,858231.6155178216,6.75,3.0,1.0848902728587715,0.0
rts24,0.4,sync_inertia,6.0,850372.9616577004,850358.1652915156,3.5921052631578942,3.0,0.0017399854948202138,-1.0831502873639514
rts24,0.4,storage_hours,1.0,858695.3960740544,848262.3337759866,6.75,3.0,1.2149898958079532,0.13009962294918176
rts24,0.4,storage_hours,2.0,856320.1012969813,845334.4074199661,6.75,3.0,1.2828957139247747,0.19800544106600326
rts24,0.4,storage_hours,4.0,867644.6074672171,858231.6155178216,6.75,3.0,1.0848902728587715,0.0
rts24,0.4,storage_hours,8.0,896042.8197669267,890948.228250846,6.75,3.0,0.5685656314288459,-0.5163246414299256
rts24,0.4,rating_pf,0.85,830175.4599463287,827870.4501955642,6.75,3.0,0.2776533229389228,-0.8072369499198486
rts24,0.4,rating_pf,0.9,863554.14558325,854297.916623037,6.75,3.0,1.0718759220316525,-0.013014350827118992
rts24,0.4,rating_pf,0.95,903170.2913862913,879091.0230075526,23.326415094339623,3.0,2.666082864813787,1.5811925919550156
rts24,0.4,rating_pf,1.0,957612.0546351826,905496.8971787903,24.852690404665136,3.0,5.442199396314659,4.357309123455887
rts24,0.4,box_at_pmax,1.0,932237.8342553772,858231.6155178216,25.562005180334282,3.0,7.938555593666487,6.853665320807715
rts24,0.4,cycling_cost,0.0,867644.6074672171,858231.6155178216,6.75,3.0,1.0848902728587715,0.0
rts24,0.4,cycling_cost,1.0,872347.8035333473,862934.811583952,6.75,3.0,1.0790411704218208,-0.005849102436950693
rts24,0.4,cycling_cost,2.0,877006.9660798976,867638.0076500823,6.75,3.0,1.0682878006879721,-0.016602472170799354
rts24,0.4,cycling_cost,5.0,889973.9495952168,881164.5947915073,6.75,3.0,0.9898441193381169,-0.0950461535206546
rts24,0.4,reserve_overlap,0.0,867644.6074672171,858231.6155178216,6.75,3.0,1.0848902728587715,0.0
rts24,0.4,reserve_overlap,0.25,867644.6074672171,858231.6155178216,6.75,3.0,1.0848902728587715,0.0
rts24,0.4,reserve_overlap,0.5,867644.6074672171,858231.6155178216,6.75,3.0,1.0848902728587715,0.0
rts24,0.4,reserve_overlap,1.0,867644.6074672171,858231.6155178216,6.75,3.0,1.0848902728587715,0.0
rts24,0.4,polygon,8.0,867644.6074672171,858316.8993115125,6.75,3.0,1.0750609264931204,-0.009829346365651137
rts24,0.4,polygon,12.0,867644.6074672171,858231.6155178217,6.75,3.0,1.0848902728587582,-1.3322676295501878e-14
rts24,0.4,polygon,24.0,867644.6074672171,858231.6155178216,6.75,3.0,1.0848902728587715,0.0
rts24,0.4,polygon,48.0,867644.6074672171,858231.6155178215,6.75,3.0,1.084890272858785,1.354472090042691e-14
rts24,0.4,polygon,96.0,867644.6074672171,858231.6155178215,6.75,3.0,1.084890272858785,1.354472090042691e-14
rts24,0.4,polygon,192.0,867644.6074672171,858231.6155178217,6.75,3.0,1.0848902728587582,-1.3322676295501878e-14
rts24,0.4,polygon,384.0,867644.6074672171,858231.6155178215,6.75,3.0,1.084890272858785,1.354472090042691e-14
rts24,0.4,voltage_shift,-0.05,867644.6074672171,858231.6155178216,6.75,3.0,1.0848902728587715,0.0
rts24,0.4,voltage_shift,-0.02,867644.6074672171,858231.6155178216,6.75,3.0,1.0848902728587715,0.0
rts24,0.4,voltage_shift,0.0,867644.6074672171,858231.6155178216,6.75,3.0,1.0848902728587715,0.0
rts24,0.4,voltage_shift,0.02,867644.6074672171,858231.6155178216,6.75,3.0,1.0848902728587715,0.0
rts24,0.4,voltage_shift,0.05,867644.6074672171,858231.6155178216,6.75,3.0,1.0848902728587715,0.0
rts24,0.4,offer_ratio,0.25,840960.6205589153,838607.3725715661,1.6875,0.75,0.2798285591286265,-0.805061713730145
rts24,0.4,offer_ratio,0.5,849855.282861683,845148.7868869847,3.375,1.5,0.5537996962083174,-0.5310905766504541
rts24,0.4,offer_ratio,1.0,867644.6074672171,858231.6155178216,6.75,3.0,1.0848902728587715,0.0
rts24,0.4,offer_ratio,2.0,903223.2566782864,884397.2727794955,13.5,6.0,2.0843112441574805,0.999420971298709
rts24,0.4,offer_ratio,4.0,974016.4251062103,936728.5873028433,27.0,12.0,3.8282555450028415,2.7433652721440698
