case,share,omission,value,cost_box,cost_circle,price_box,price_circle,error_pct
ieee39,0.2,overload,1.0,3383388.962269428,3383417.5450045485,8.0,8.0,-0.0008447960148556728
ieee39,0.2,overload,1.1,3383388.962269428,3362068.028584957,8.0,8.0,0.6301650186317899
ieee39,0.2,overload,1.2,3383388.962269428,3351058.821397538,8.0,2.9999999999999987,0.9555549548818272
ieee39,0.2,overload,1.35,3383388.962269428,3351058.821397538,8.0,3.0,0.9555549548818272
ieee39,0.2,overload,1.5,3383388.962269428,3351058.821397537,8.0,3.0,0.9555549548818547
ieee39,0.2,voltage,0.95,3383388.962269428,3444059.904462424,8.0,41.0,-1.7932003346224943
ieee39,0.2,voltage,0.98,3383388.962269428,3395383.007025752,8.0,41.0,-0.35449795722803784
ieee39,0.2,voltage,1.0,3383388.962269428,3383417.5450045485,8.0,8.0,-0.0008447960148556728
ieee39,0.2,voltage,1.02,3383388.962269428,3379147.6417206316,8.0,8.0,0.12535716691443213
ieee39,0.2,voltage,1.05,3383388.962269428,3372742.7867947523,8.0,7.999999999999999,0.31466011130848087
ieee39,0.2,reactive,0.0,3383388.962269428,3383417.5450045485,8.0,8.0,-0.0008447960148556728
ieee39,0.2,reactive,0.35,3383433.0526730237,3384618.048789855,8.0,8.0,-0.03502348349689517
ieee39,0.2,reactive,0.8,3383489.7403347897,3409944.7173662516,8.0,41.0,-0.7818843579187039
ieee39,0.2,reactive,1.2,3383540.1293674703,3470968.361335685,8.0,41.0,-2.58392773915641
ieee39,0.4,overload,1.0,2441212.5799685377,2441263.820966707,8.0,8.0,-0.002098997792730842
ieee39,0.4,overload,1.1,2441212.5799685377,2433000.504604871,8.0,3.0,0.33639329204884677
ieee39,0.4,overload,1.2,2441212.5799685377,2433000.504604871,8.0,3.0,0.33639329204884677
ieee39,0.4,overload,1.35,2441212.5799685377,2433000.504604871,8.0,3.0,0.33639329204884677
ieee39,0.4,overload,1.5,2441212.5799685377,2433000.5046048705,8.0,3.0,0.33639329204886587
ieee39,0.4,voltage,0.95,2441212.5799685377,2460400.7322366238,8.0,8.000000000000009,-0.7860090688346932
ieee39,0.4,voltage,0.98,2441212.5799685377,2448918.585474673,8.0,8.000000000000007,-0.31566302620949294
ieee39,0.4,voltage,1.0,2441212.5799685377,2441263.820966707,8.0,8.0,-0.002098997792730842
ieee39,0.4,voltage,1.02,2441212.5799685377,2433609.05645874,8.0,7.999999999999996,0.3114650306240694
ieee39,0.4,voltage,1.05,2441212.5799685377,2433000.504604871,8.0,2.999999999999993,0.33639329204884677
ieee39,0.4,reactive,0.0,2441212.5799685377,2441263.820966707,8.0,8.0,-0.002098997792730842
ieee39,0.4,reactive,0.35,2441304.3396066884,2445667.2450028677,8.0,7.999999999999999,-0.17871206491535552
ieee39,0.4,reactive,0.8,2441422.316284311,2473127.965281742,8.0,8.0,-1.2986548368118929
ieee39,0.4,reactive,1.2,,,,,
rts24,0.2,overload,1.0,1495550.302477072,1495563.1265345777,8.0,8.0,-0.0008574808540012634
rts24,0.2,overload,1.1,1495550.302477072,1487778.200941721,8.0,3.0,0.5196817199981923
rts24,0.2,overload,1.2,1495550.302477072,1487778.2009417212,8.0,3.0,0.5196817199981768
rts24,0.2,overload,1.35,1495550.302477072,1487778.2009417212,8.0,3.0,0.5196817199981768
rts24,0.2,overload,1.5,1495550.302477072,1487778.200941721,8.0,3.0,0.5196817199981923
rts24,0.2,voltage,0.95,1495550.302477072,1500665.4319753794,8.0,8.0,-0.34202323317612243
rts24,0.2,voltage,0.98,1495550.302477072,1497478.8803986432,8.0,8.000000000000002,-0.12895440015470672
rts24,0.2,voltage,1.0,1495550.302477072,1495563.1265345777,8.0,8.0,-0.0008574808540012634
rts24,0.2,voltage,1.02,1495550.302477072,1493647.3726705115,8.0,8.0,0.1272394384467509
rts24,0.2,voltage,1.05,1495550.302477072,1490773.7418744133,8.0,8.0,0.3193848173978013
rts24,0.2,reactive,0.0,1495550.302477072,1495563.1265345777,8.0,8.0,-0.0008574808540012634
rts24,0.2,reactive,0.35,1495570.1630177037,1496108.4871300794,8.0,7.999999999999999,-0.03599457422241715
rts24,0.2,reactive,0.8,1495595.6979985158,1498406.9351713338,8.0,8.0,-0.18796772259910807
rts24,0.2,reactive,1.2,1495618.3957592375,1506251.3725995754,8.0,26.837135467166537,-0.7109418331900254
rts24,0.4,overload,1.0,867605.6915430066,867625.8288174843,6.75,6.75,-0.002321016871377806
rts24,0.4,overload,1.1,867605.6915430066,858192.6995936111,6.75,3.0,1.0849389349503724
rts24,0.4,overload,1.2,867605.6915430066,858192.6995936112,6.75,3.0,1.084938934950359
rts24,0.4,overload,1.35,867605.6915430066,858192.699593611,6.75,3.0,1.084938934950386
rts24,0.4,overload,1.5,867605.6915430066,858192.6995936111,6.75,3.0,1.0849389349503724
rts24,0.4,voltage,0.95,867605.6915430066,890704.5364054473,6.75,23.326415094339623,-2.662366681961275
rts24,0.4,voltage,0.98,867605.6915430066,870634.0858668453,6.75,6.75,-0.3490519199399054
rts24,0.4,voltage,1.0,867605.6915430066,867625.8288174843,6.75,6.75,-0.002321016871377806
rts24,0.4,voltage,1.02,867605.6915430066,864617.5717681235,6.75,6.75,0.344409886197123
rts24,0.4,voltage,1.05,867605.6915430066,860105.1861940821,6.75,6.75,0.864506240799901
rts24,0.4,reactive,0.0,867605.6915430066,867625.8288174843,6.75,6.75,-0.002321016871377806
rts24,0.4,reactive,0.35,867644.6074672171,868753.004366403,6.75,6.75,-0.1277478001530392
rts24,0.4,reactive,0.8,867694.6422269164,884049.5148890554,6.75,23.326415094339627,-1.8848650050626843
rts24,0.4,reactive,1.2,,,,,
