case,share,dispatch,applied_to,drop,feasible,cost_box,cost_current,delta_pct,price_box,price_current,price_ratio
ieee39,0.2,0.8,both faces,0.0,True,3383433.0526730223,3351102.9118011333,-0.9555425027945239,8.0,3.0,2.6666666666666665
ieee39,0.2,0.8,both faces,0.002,True,3383433.0526730223,3351102.9118011333,-0.9555425027945239,8.0,3.0,2.6666666666666665
ieee39,0.2,0.8,both faces,0.013,True,3383433.0526730223,3351102.911801133,-0.9555425027945377,8.0,3.0,2.6666666666666665
ieee39,0.2,0.8,both faces,0.023,True,3383433.0526730223,3351102.9118011333,-0.9555425027945239,8.0,3.0,2.6666666666666665
ieee39,0.2,0.8,both faces,0.055,True,3383433.0526730223,3351102.9118011333,-0.9555425027945239,8.0,3.0,2.6666666666666665
ieee39,0.2,0.8,both faces,0.095,True,3383433.0526730223,3351102.9118011333,-0.9555425027945239,8.0,3.0,2.6666666666666665
ieee39,0.2,0.8,short-term face only,0.0,True,3383433.0526730223,3351102.9118011333,-0.9555425027945239,8.0,3.0,2.6666666666666665
ieee39,0.2,0.8,short-term face only,0.002,True,3383433.0526730223,3351102.9118011333,-0.9555425027945239,8.0,3.0,2.6666666666666665
ieee39,0.2,0.8,short-term face only,0.013,True,3383433.0526730223,3351102.9118011333,-0.9555425027945239,8.0,3.0,2.6666666666666665
ieee39,0.2,0.8,short-term face only,0.023,True,3383433.0526730223,3351102.9118011333,-0.9555425027945239,8.0,3.0,2.6666666666666665
ieee39,0.2,0.8,short-term face only,0.055,True,3383433.0526730223,3351102.9118011333,-0.9555425027945239,8.0,3.0,2.6666666666666665
ieee39,0.2,0.8,short-term face only,0.095,True,3383433.0526730223,3351102.9118011333,-0.9555425027945239,8.0,3.0,2.6666666666666665
ieee39,0.2,1.0,both faces,0.0,True,3362758.6036846363,3059995.7544045527,-9.00340717137236,41.0,3.0,13.666666666666666
ieee39,0.2,1.0,both faces,0.002,True,3362758.6036846363,3060433.502748313,-8.990389634422769,41.0,3.0,13.666666666666666
ieee39,0.2,1.0,both faces,0.013,True,3362758.6036846363,3062841.1186389956,-8.918793181199971,41.0,3.0,13.666666666666666
ieee39,0.2,1.0,both faces,0.023,True,3362758.6036846363,3065029.8603577972,-8.853705496451997,41.0,3.0,13.666666666666666
ieee39,0.2,1.0,both faces,0.055,True,3362758.6036846363,3072688.0641863616,-8.625969737478007,41.0,3.0,13.666666666666666
ieee39,0.2,1.0,both faces,0.095,True,3362758.6036846363,3098469.7408994935,-7.859287386717462,41.0,3.0,13.666666666666666
ieee39,0.2,1.0,short-term face only,0.0,True,3362758.6036846363,3059995.7544045527,-9.00340717137236,41.0,3.0,13.666666666666666
ieee39,0.2,1.0,short-term face only,0.002,True,3362758.6036846363,3059995.7544045527,-9.00340717137236,41.0,3.0,13.666666666666666
ieee39,0.2,1.0,short-term face only,0.013,True,3362758.6036846363,3059995.7544045527,-9.00340717137236,41.0,3.0,13.666666666666666
ieee39,0.2,1.0,short-term face only,0.023,True,3362758.6036846363,3059995.7544045527,-9.00340717137236,41.0,3.0,13.666666666666666
ieee39,0.2,1.0,short-term face only,0.055,True,3362758.6036846363,3059995.7544045527,-9.00340717137236,41.0,3.0,13.666666666666666
ieee39,0.2,1.0,short-term face only,0.095,True,3362758.6036846363,3059995.754404552,-9.003407171372388,41.0,3.0,13.666666666666666
ieee39,0.4,0.8,both faces,0.0,True,2441304.3396066874,2433092.264243021,-0.336380648264006,8.000000000000007,3.0,2.666666666666669
ieee39,0.4,0.8,both faces,0.002,True,2441304.3396066874,2433092.2642430216,-0.3363806482639869,8.000000000000007,3.0,2.666666666666669
ieee39,0.4,0.8,both faces,0.013,True,2441304.3396066874,2433092.2642430216,-0.3363806482639869,8.000000000000007,3.0,2.666666666666669
ieee39,0.4,0.8,both faces,0.023,True,2441304.3396066874,2433092.264243021,-0.336380648264006,8.000000000000007,3.0,2.666666666666669
ieee39,0.4,0.8,both faces,0.055,True,2441304.3396066874,2433092.2642430216,-0.3363806482639869,8.000000000000007,3.0000000000000004,2.6666666666666687
ieee39,0.4,0.8,both faces,0.095,True,2441304.3396066874,2433092.2642430216,-0.3363806482639869,8.000000000000007,3.0,2.666666666666669
ieee39,0.4,0.8,short-term face only,0.0,True,2441304.3396066874,2433092.264243021,-0.336380648264006,8.000000000000007,3.0,2.666666666666669
ieee39,0.4,0.8,short-term face only,0.002,True,2441304.3396066874,2433092.2642430216,-0.3363806482639869,8.000000000000007,3.0,2.666666666666669
ieee39,0.4,0.8,short-term face only,0.013,True,2441304.3396066874,2433092.264243021,-0.336380648264006,8.000000000000007,3.0,2.666666666666669
ieee39,0.4,0.8,short-term face only,0.023,True,2441304.3396066874,2433092.264243021,-0.336380648264006,8.000000000000007,3.0,2.666666666666669
ieee39,0.4,0.8,short-term face only,0.055,True,2441304.3396066874,2433092.264243021,-0.336380648264006,8.000000000000007,3.0,2.666666666666669
ieee39,0.4,0.8,short-term face only,0.095,True,2441304.3396066874,2433092.2642430216,-0.3363806482639869,8.000000000000007,3.0,2.666666666666669
ieee39,0.4,1.0,both faces,0.0,True,2261450.6582640335,1925093.8587452485,-14.873497163850741,41.0,3.0,13.666666666666666
ieee39,0.4,1.0,both faces,0.002,True,2261450.6582640335,1925578.6954461941,-14.852057973958456,41.0,3.0,13.666666666666666
ieee39,0.4,1.0,both faces,0.013,True,2261450.6582640335,1928442.9092096034,-14.725404148771396,41.0,3.0,13.666666666666666
ieee39,0.4,1.0,both faces,0.023,True,2261450.6582640335,1933139.5399954566,-14.517721935202413,41.0,3.0,13.666666666666666
ieee39,0.4,1.0,both faces,0.055,True,2261450.6582640335,1958570.2431092004,-13.39319140340362,41.0,3.0,13.666666666666666
ieee39,0.4,1.0,both faces,0.095,True,2261450.6582640335,2016921.3984748546,-10.812938097746862,41.0,3.0,13.666666666666666
ieee39,0.4,1.0,short-term face only,0.0,True,2261450.6582640335,1925093.8587452485,-14.873497163850741,41.0,3.0,13.666666666666666
ieee39,0.4,1.0,short-term face only,0.002,True,2261450.6582640335,1925093.8587452483,-14.873497163850752,41.0,3.0,13.666666666666666
ieee39,0.4,1.0,short-term face only,0.013,True,2261450.6582640335,1925093.8587452488,-14.873497163850733,41.0,3.0,13.666666666666666
ieee39,0.4,1.0,short-term face only,0.023,True,2261450.6582640335,1925093.8587452483,-14.873497163850752,41.0,3.0,13.666666666666666
ieee39,0.4,1.0,short-term face only,0.055,True,2261450.6582640335,1925093.858745249,-14.873497163850722,41.0,3.0,13.666666666666666
ieee39,0.4,1.0,short-term face only,0.095,True,2261450.6582640335,1925093.8587452485,-14.873497163850741,41.0,3.0,13.666666666666666
rts24,0.2,0.8,both faces,0.0,True,1495570.1630177037,1485458.5864230725,-0.6761017867746465,8.0,3.002981761677058,2.664018843568429
rts24,0.2,0.8,both faces,0.002,True,1495570.1630177037,1485554.0077487521,-0.6697215227095291,8.0,3.0029877371513614,2.6640135425890255
rts24,0.2,0.8,both faces,0.013,True,1495570.1630177037,1486202.6090982056,-0.6263533568091932,8.0,3.038160443795339,2.6331723251607535
rts24,0.2,0.8,both faces,0.023,True,1495570.1630177037,1487083.1972790095,-0.5674735929185369,8.0,3.038551031756396,2.6328338462611574
rts24,0.2,0.8,both faces,0.055,True,1495570.1630177037,1490245.385851864,-0.35603660045581226,8.0,3.0,2.6666666666666665
rts24,0.2,0.8,both faces,0.095,True,1495570.1630177037,1495698.9544231743,0.008611525467364621,8.0,3.0,2.6666666666666665
rts24,0.2,0.8,short-term face only,0.0,True,1495570.1630177037,1485458.5864230725,-0.6761017867746465,8.0,3.002981761677058,2.664018843568429
rts24,0.2,0.8,short-term face only,0.002,True,1495570.1630177037,1485458.6144085175,-0.6760999155521734,8.0,3.0029997602384895,2.6640028766984196
rts24,0.2,0.8,short-term face only,0.013,True,1495570.1630177037,1485458.7745834605,-0.676089205593724,8.0,3.00310276969517,2.6639114987103953
rts24,0.2,0.8,short-term face only,0.023,True,1495570.1630177037,1485458.930063474,-0.6760788095576632,8.0,3.003202751532823,2.6638228124680663
rts24,0.2,0.8,short-term face only,0.055,True,1495570.1630177037,1485459.5027687047,-0.6760405161198267,8.0,3.0035709720683332,2.6634962431039217
rts24,0.2,0.8,short-term face only,0.095,True,1495570.1630177037,1485460.4351464922,-0.6759781734888626,8.0,3.00417029605183,2.662964882687855
rts24,0.2,1.0,both faces,0.0,True,1441430.5455058748,1424529.7873790509,-1.1724989580328724,41.0,3.0,13.666666666666666
rts24,0.2,1.0,both faces,0.002,True,1441430.5455058748,1424727.3465712839,-1.1587931854690139,41.0,3.0,13.666666666666666
rts24,0.2,1.0,both faces,0.013,True,1441430.5455058748,1425813.9221285733,-1.083411436367251,41.0,3.0,13.666666666666666
rts24,0.2,1.0,both faces,0.023,True,1441430.5455058748,1426801.7180897463,-1.014882573547409,41.0,3.0,13.666666666666666
rts24,0.2,1.0,both faces,0.055,True,1441430.5455058748,1429969.0146624001,-0.7951497128467059,41.0,3.0,13.666666666666666
rts24,0.2,1.0,both faces,0.095,True,1441430.5455058748,1436212.6869934476,-0.36199167061469256,41.0,3.0,13.666666666666666
rts24,0.2,1.0,short-term face only,0.0,True,1441430.5455058748,1424529.7873790509,-1.1724989580328724,41.0,3.0,13.666666666666666
rts24,0.2,1.0,short-term face only,0.002,True,1441430.5455058748,1424529.7873790495,-1.1724989580329692,41.0,3.0,13.666666666666666
rts24,0.2,1.0,short-term face only,0.013,True,1441430.5455058748,1424529.7873790516,-1.172498958032824,41.0,3.0,13.666666666666666
rts24,0.2,1.0,short-term face only,0.023,True,1441430.5455058748,1424529.7873790518,-1.1724989580328078,41.0,3.0,13.666666666666666
rts24,0.2,1.0,short-term face only,0.055,True,1441430.5455058748,1424529.7873790509,-1.1724989580328724,41.0,3.0,13.666666666666666
rts24,0.2,1.0,short-term face only,0.095,True,1441430.5455058748,1424529.7873790523,-1.1724989580327754,41.0,3.0,13.666666666666666
rts24,0.4,0.8,both faces,0.0,True,867644.6074672178,858231.6155178216,-1.0848902728588512,6.75,3.0,2.25
rts24,0.4,0.8,both faces,0.002,True,867644.6074672178,858231.6155178216,-1.0848902728588512,6.75,3.0,2.25
rts24,0.4,0.8,both faces,0.013,True,867644.6074672178,858231.615517822,-1.084890272858811,6.75,3.0,2.25
rts24,0.4,0.8,both faces,0.023,True,867644.6074672178,858231.6155178219,-1.0848902728588243,6.75,3.0,2.25
rts24,0.4,0.8,both faces,0.055,True,867644.6074672178,858231.6155178219,-1.0848902728588243,6.75,3.0,2.25
rts24,0.4,0.8,both faces,0.095,True,867644.6074672178,863868.6493607913,-0.43519640114506086,6.75,3.0,2.25
rts24,0.4,0.8,short-term face only,0.0,True,867644.6074672178,858231.6155178216,-1.0848902728588512,6.75,3.0,2.25
rts24,0.4,0.8,short-term face only,0.002,True,867644.6074672178,858231.6155178216,-1.0848902728588512,6.75,3.0,2.25
rts24,0.4,0.8,short-term face only,0.013,True,867644.6074672178,858231.6155178217,-1.0848902728588379,6.75,3.0,2.25
rts24,0.4,0.8,short-term face only,0.023,True,867644.6074672178,858231.6155178219,-1.0848902728588243,6.75,3.0,2.25
rts24,0.4,0.8,short-term face only,0.055,True,867644.6074672178,858231.6155178216,-1.0848902728588512,6.75,3.0,2.25
rts24,0.4,0.8,short-term face only,0.095,True,867644.6074672178,858231.6155178217,-1.0848902728588379,6.75,3.0,2.25
rts24,0.4,1.0,both faces,0.0,True,821770.4281150794,805955.0017573133,-1.9245553036074183,23.25,3.0,7.75
rts24,0.4,1.0,both faces,0.002,True,821770.4281150794,805955.0017573133,-1.9245553036074183,23.25,3.0,7.75
rts24,0.4,1.0,both faces,0.013,True,821770.4281150794,805955.0017573133,-1.9245553036074183,23.25,3.0,7.75
rts24,0.4,1.0,both faces,0.023,True,821770.4281150794,805955.0017573133,-1.9245553036074183,23.25,3.0,7.75
rts24,0.4,1.0,both faces,0.055,True,821770.4281150794,808278.5147715902,-1.6418105205411193,23.25,3.0,7.75
rts24,0.4,1.0,both faces,0.095,True,821770.4281150794,816330.5141641462,-0.6619748977109046,23.25,3.0,7.75
rts24,0.4,1.0,short-term face only,0.0,True,821770.4281150794,805955.0017573133,-1.9245553036074183,23.25,3.0,7.75
rts24,0.4,1.0,short-term face only,0.002,True,821770.4281150794,805955.0017573133,-1.9245553036074183,23.25,3.0,7.75
rts24,0.4,1.0,short-term face only,0.013,True,821770.4281150794,805955.0017573133,-1.9245553036074183,23.25,3.0,7.75
rts24,0.4,1.0,short-term face only,0.023,True,821770.4281150794,805955.0017573133,-1.9245553036074183,23.25,3.0,7.75
rts24,0.4,1.0,short-term face only,0.055,True,821770.4281150794,805955.0017573131,-1.9245553036074325,23.25,3.0,7.75
rts24,0.4,1.0,short-term face only,0.095,True,821770.4281150794,805955.0017573133,-1.9245553036074183,23.25,3.0,7.75
