case,share,form,converged,round,cost,price_inertia,voltage_move,cost_drift,primal_move,min_voltage,max_voltage,cost_rel
ieee39,0.2,box,True,0,3383433.0526730237,8.0,0.043024686220628716,inf,inf,1.0074254381775192,1.0705246862206288,0.0
ieee39,0.2,box,True,1,3383433.0526730237,8.0,0.021512343110314358,0.0,0.0,1.0074254381775192,1.0705246862206288,0.0
ieee39,0.2,box,True,2,3383433.0526730237,8.0,0.010756171555157179,0.0,0.0,1.0074254381775192,1.0705246862206288,0.0
ieee39,0.2,box,True,3,3383433.0526730237,8.0,0.0053780857775784785,0.0,0.0,1.0074254381775192,1.0705246862206288,0.0
ieee39,0.2,box,True,4,3383433.0526730237,8.0,0.0026890428887893503,0.0,0.0,1.0074254381775192,1.0705246862206288,0.0
ieee39,0.2,box,True,5,3383433.0526730237,8.0,0.0013445214443945641,0.0,0.0,1.0074254381775192,1.0705246862206288,0.0
ieee39,0.2,box,True,6,3383433.0526730237,8.0,0.000672260722197171,0.0,0.0,1.0074254381775192,1.0705246862206288,0.0
ieee39,0.2,current,True,0,3351102.911801133,3.0,0.04521816453695582,inf,inf,1.003114849403295,1.0727181645369557,0.0
ieee39,0.2,current,True,1,3351102.911801133,3.0,0.02260908226847791,0.0,0.01440381714113232,1.003114849403295,1.0727181645369557,0.0
ieee39,0.2,current,True,2,3351102.911801133,3.0,0.011304541134238955,0.0,0.007201908570567672,1.003114849403295,1.0727181645369557,0.0
ieee39,0.2,current,True,3,3351102.911801133,3.0,0.005652270567119366,0.0,0.0036009542852837046,1.003114849403295,1.0727181645369557,0.0
ieee39,0.2,current,True,4,3351102.911801133,3.0,0.002826135283559683,0.0,0.0018004771426406694,1.003114849403295,1.0727181645369557,0.0
ieee39,0.2,current,True,5,3351102.911801133,3.0,0.0014130676417798416,0.0,0.0009002385713207289,1.003114849403295,1.0727181645369557,0.0
ieee39,0.2,current,True,6,3351102.911801133,3.0,0.0007065338208898098,0.0,0.00045011928566023306,1.003114849403295,1.0727181645369557,0.0
ieee39,0.2,current,True,7,3351102.911801133,3.0,0.0003532669104449049,0.0,0.00022505964283116796,1.003114849403295,1.0727181645369557,0.0
ieee39,0.2,current,True,8,3351102.911801133,3.0,0.00017663345522245244,0.0,0.00011252982141472968,1.003114849403295,1.0727181645369557,0.0
ieee39,0.2,current,True,9,3351102.911801133,3.0,8.83167276111152e-05,0.0,5.626491070736484e-05,1.003114849403295,1.0727181645369557,0.0
ieee39,0.4,box,True,0,2441304.3396066884,8.0,0.05487352479094765,inf,inf,0.9423264752090523,1.07386085701251,0.0
ieee39,0.4,box,True,1,2441304.3396066884,8.0,0.02743676239547388,0.0,0.0,0.9423264752090523,1.07386085701251,0.0
ieee39,0.4,box,True,2,2441304.3396066884,8.0,0.01371838119773694,0.0,0.0,0.9423264752090523,1.07386085701251,0.0
ieee39,0.4,box,True,3,2441304.3396066884,8.0,0.006859190598868414,0.0,0.0,0.9423264752090523,1.07386085701251,0.0
ieee39,0.4,box,True,4,2441304.3396066884,8.0,0.003429595299434207,0.0,0.0,0.9423264752090523,1.07386085701251,0.0
ieee39,0.4,box,True,5,2441304.3396066884,8.0,0.001714797649717159,0.0,0.0,0.9423264752090523,1.07386085701251,0.0
ieee39,0.4,box,True,6,2441304.3396066884,8.0,0.0008573988248585795,0.0,0.0,0.9423264752090523,1.07386085701251,0.0
ieee39,0.4,current,True,0,2433092.2642430216,3.0,0.062469751070364565,inf,inf,0.9347302489296354,1.0802736820028742,0.0
ieee39,0.4,current,True,1,2433092.2642430216,3.0,0.031234875535182338,0.0,0.177767660909997,0.9347302489296354,1.0802736820028742,0.0
ieee39,0.4,current,True,2,2433092.2642430216,3.0,0.015617437767591169,0.0,0.16827007449481604,0.9347302489296354,1.0802736820028742,0.0
ieee39,0.4,current,True,3,2433092.2642430216,3.0,0.00780871888379564,0.0,0.016433448373162313,0.9347302489296354,1.0802736820028742,0.0
ieee39,0.4,current,True,4,2433092.2642430207,3.0,0.00390435944189782,3.8277322578444414e-16,0.1738429832917691,0.9347302489296354,1.0802736820028742,-3.827732257844441e-14
ieee39,0.4,current,True,5,2433092.2642430207,3.0,0.0019521797209489655,0.0,0.06719909557032783,0.9347302489296354,1.0802736820028742,-3.827732257844441e-14
ieee39,0.4,current,True,6,2433092.2642430207,3.0,0.0009760898604744828,0.0,0.0668469612743366,0.9347302489296354,1.0802736820028742,-3.827732257844441e-14
ieee39,0.4,current,True,7,2433092.2642430207,3.0,0.0004880449302372414,0.0,0.06686213788756927,0.9347302489296354,1.0802736820028742,-3.827732257844441e-14
ieee39,0.4,current,True,8,2433092.2642430207,3.0,0.00024402246511856518,0.0,0.06677410431357124,0.9347302489296354,1.0802736820028742,-3.827732257844441e-14
ieee39,0.4,current,True,9,2433092.2642430207,3.0,0.00012201123255928259,0.0,0.00025677263083070224,0.9347302489296354,1.0802736820028742,-3.827732257844441e-14
ieee39,0.4,current,True,10,2433092.264243021,3.0,6.1005616279641295e-05,1.9138661289222214e-16,0.0001283863154155811,0.9347302489296354,1.0802736820028742,-1.9138661289222206e-14
ieee39,0.4,current,True,11,2433092.2642430207,3.0,3.0502808139765136e-05,1.913866128922221e-16,6.419315770769199e-05,0.9347302489296354,1.0802736820028742,-3.827732257844441e-14
rts24,0.2,box,True,0,1495570.1630177037,8.0,0.059177969029754474,inf,inf,1.0196371624368044,1.0941779690297544,0.0
rts24,0.2,box,True,1,1495570.1630177037,8.0,0.029588984514877126,0.0,0.0,1.0196371624368044,1.0941779690297544,0.0
rts24,0.2,box,True,2,1495570.1630177037,8.0,0.014794492257438563,0.0,0.0,1.0196371624368044,1.0941779690297544,0.0
rts24,0.2,box,True,3,1495570.1630177037,8.0,0.0073972461287192814,0.0,0.0,1.0196371624368044,1.0941779690297544,0.0
rts24,0.2,box,True,4,1495570.1630177037,8.0,0.0036986230643596407,0.0,0.0,1.0196371624368044,1.0941779690297544,0.0
rts24,0.2,box,True,5,1495570.1630177037,8.0,0.0018493115321798204,0.0,0.0,1.0196371624368044,1.0941779690297544,0.0
rts24,0.2,box,True,6,1495570.1630177037,8.0,0.0009246557660897992,0.0,0.0,1.0196371624368044,1.0941779690297544,0.0
rts24,0.2,current,True,0,1485458.586423073,3.002981761677058,0.058053227453717327,inf,inf,1.015956390942789,1.0930532274537168,0.0
rts24,0.2,current,True,1,1485077.6828354283,3.0,0.029095878163206246,0.00025642154626598384,0.10422678733380417,1.0159564224568596,1.0927789369640153,-0.02564215462659838
rts24,0.2,current,True,2,1484918.7242214158,3.0,0.014559221646154752,0.00010703723842173891,0.026356774400730178,1.0168865984410278,1.092790219528567,-0.036343133803353855
rts24,0.2,current,True,3,1484861.2535002655,3.0,0.007285254632242166,3.870294058041208e-05,0.028210626467715147,1.0168557769686262,1.092795863337732,-0.04021202127524697
rts24,0.2,current,True,4,1484843.6649918878,3.0,0.0036454509621213216,1.1845220108155954e-05,0.03485537865507474,1.0168558022717404,1.092798686983732,-0.041396066965819565
rts24,0.2,current,True,5,1484835.4843621883,3.0,0.0018241382948920304,5.5094215588923016e-06,0.03482331310207971,1.0168558140204376,1.0928000997975635,-0.041946781053325
rts24,0.2,current,True,6,1484831.2113198263,3.0,0.0009127760800793361,2.877788419628178e-06,0.028074482336353283,1.016855819539453,1.0928008067301969,-0.04223443918132706
rts24,0.2,current,True,7,1484828.9781403206,3.0,0.0004567417769152371,1.5039955307085755e-06,0.017495585990348454,1.0168558221453976,1.0928011604670724,-0.04238477521399015
rts24,0.2,current,True,8,1484827.8103848156,3.0,0.0002285478941561614,7.864579168791883e-07,0.01792825708176585,1.0168558233776757,1.092801337472771,-0.04246338767183604
rts24,0.2,current,True,9,1484827.1994129955,3.0,0.0001143625190840325,4.114765468439888e-07,0.01807800131265582,1.016855823960025,1.092801426044777,-0.042504517853832316
rts24,0.2,current,True,10,1484826.8795773285,3.0,5.7225580267106224e-05,2.1540261867454393e-07,0.00010395490893193083,1.0168558242347145,1.092801470365502,-0.042526048960115324
rts24,0.2,current,True,11,1484826.7120588801,3.0,2.8634967903506947e-05,1.1282018841490083e-07,5.199140080728484e-05,1.016855824363928,1.092801492543272,-0.042537326181159955
rts24,0.4,box,True,0,867644.6074672171,6.75,0.058062939932374436,inf,inf,1.0169461532213508,1.0930629399323744,0.0
rts24,0.4,box,True,1,867644.6074672171,6.75,0.029031469966187107,0.0,0.0,1.0169461532213508,1.0930629399323744,0.0
rts24,0.4,box,True,2,867644.6074672171,6.75,0.014515734983093553,0.0,0.0,1.0169461532213508,1.0930629399323744,0.0
rts24,0.4,box,True,3,867644.6074672171,6.75,0.007257867491546666,0.0,0.0,1.0169461532213508,1.0930629399323744,0.0
rts24,0.4,box,True,4,867644.6074672171,6.75,0.003628933745773333,0.0,0.0,1.0169461532213508,1.0930629399323744,0.0
rts24,0.4,box,True,5,867644.6074672171,6.75,0.0018144668728865554,0.0,0.0,1.0169461532213508,1.0930629399323744,0.0
rts24,0.4,box,True,6,867644.6074672171,6.75,0.0009072334364432777,0.0,0.0,1.0169461532213508,1.0930629399323744,0.0
rts24,0.4,current,True,0,858231.6155178216,3.0,0.05786610063224118,inf,inf,1.0156847425771667,1.092866100632241,0.0
rts24,0.4,current,True,1,858231.6155178217,3.0,0.028911745740860084,1.3564557599837965e-16,0.08002155618984513,1.0156830567822073,1.0928447960569807,1.3564557599837964e-14
rts24,0.4,current,True,2,858231.6155178216,3.0,0.014445205655986948,1.3564557599837963e-16,0.0830433323981056,1.015682210848401,1.0928341288425376,0.0
rts24,0.4,current,True,3,858231.6155178216,3.0,0.007217263798050322,0.0,0.0845545547143023,1.015681786375186,1.0928287898125943,0.0
rts24,0.4,current,True,4,858231.6155178216,3.0,0.003605960183010515,0.0,0.08531033306647258,1.0156815733871511,1.0928261180965797,0.0
rts24,0.4,current,True,5,858231.6155178216,3.0,0.0018016432604595067,0.0,0.02942049734647206,1.0156814665172293,1.0928247812655338,0.0
rts24,0.4,current,True,6,858231.6155178216,3.0,0.0009001527599639125,0.0,0.06811824024199371,1.0156814128939566,1.092824112395268,0.0
rts24,0.4,current,True,7,858231.6155178216,3.0,0.0005110006088353547,0.0,0.06562741209170674,1.0156813859879161,1.092823777740654,0.0
rts24,0.4,current,True,8,858231.6155178216,3.0,0.00031775132960265573,0.0,0.06809113859192059,1.0156813724875549,1.0928236103055424,0.0
rts24,0.4,current,True,9,858231.6155178216,3.0,0.00016654875465205166,0.0,0.029711135094335255,1.0156813657136285,1.0928235265345576,0.0
rts24,0.4,current,True,10,858231.6155178216,3.0,8.364789289694308e-05,0.0,0.029716896550316306,1.0156813623147527,1.092823484622459,0.0
rts24,0.4,current,True,11,858231.6155178216,3.0,4.201137556569812e-05,0.0,0.06807469144933653,1.0156813606093416,1.0928234636531264,0.0
rts24,0.4,current,True,12,858231.6155178216,3.0,2.109973918407171e-05,0.0,0.0204783264809752,1.0156813597536367,1.0928234531618266,0.0
rts24,0.4,current,True,13,858231.6155178217,3.0,1.0597064309170179e-05,1.3564557599837965e-16,0.02972542464783407,1.0156813593242817,1.0928234479128571,1.3564557599837964e-14
rts24,0.4,current,True,14,858231.6155178216,3.0,5.322214322811547e-06,1.3564557599837963e-16,0.06560080232988663,1.0156813591088496,1.0928234452867116,0.0
rts24,0.4,current,True,15,858231.6155178216,3.0,2.6729908015887816e-06,0.0,0.06560059225965365,1.0156813590007547,1.0928234439728093,0.0
rts24,0.4,current,True,16,858231.6155178216,3.0,1.3424585743049278e-06,0.0,0.039360385288760166,1.0156813589465175,1.0928234433154451,0.0
rts24,0.4,current,True,17,858231.6155178216,3.0,6.742215898913884e-07,0.0,0.018980193060807057,1.0156813589193021,1.0928234429865522,0.0
rts24,0.4,current,True,18,858231.6155178217,3.0,3.386123228477089e-07,1.3564557599837965e-16,0.02038068919573481,1.015681358905648,1.0928234428220018,1.3564557599837964e-14
rts24,0.4,current,True,19,858231.6155178216,3.0,1.7005962305027822e-07,1.3564557599837963e-16,0.06807329087820897,1.0156813588987987,1.0928234427396777,0.0
rts24,0.4,current,True,20,858231.6155178217,3.0,8.540789653288527e-08,1.3564557599837965e-16,0.02972665001999384,1.01568135889536,1.0928234426984882,1.3564557599837964e-14
rts24,0.4,current,True,21,858231.6155178216,3.0,4.289366928311722e-08,1.3564557599837963e-16,1.0024393728514535e-07,1.015681358893635,1.09282344267788,0.0
